Chromosome,Position,rsID,Reference,Alternate,Source,Filters - exomes,Filters - genomes,Consequence,Protein Consequence,Transcript Consequence,Annotation,Flags,Allele Count,Allele Number,Allele Frequency,Homozygote Count,Hemizygote Count,Allele Count Other,Allele Number Other,Homozygote Count Other,Hemizygote Count Other,Allele Count Latino,Allele Number Latino,Homozygote Count Latino,Hemizygote Count Latino,Allele Count European (Finnish),Allele Number European (Finnish),Homozygote Count European (Finnish),Hemizygote Count European (Finnish),Allele Count Amish,Allele Number Amish,Homozygote Count Amish,Hemizygote Count Amish,Allele Count East Asian,Allele Number East Asian,Homozygote Count East Asian,Hemizygote Count East Asian,Allele Count Middle Eastern,Allele Number Middle Eastern,Homozygote Count Middle Eastern,Hemizygote Count Middle Eastern,Allele Count South Asian,Allele Number South Asian,Homozygote Count South Asian,Hemizygote Count South Asian,Allele Count Ashkenazi Jewish,Allele Number Ashkenazi Jewish,Homozygote Count Ashkenazi Jewish,Hemizygote Count Ashkenazi Jewish,Allele Count African,Allele Number African,Homozygote Count African,Hemizygote Count African,Allele Count European (non-Finnish),Allele Number European (non-Finnish),Homozygote Count European (non-Finnish),Hemizygote Count European (non-Finnish)
6,26204571,rs369563507,A,G,gnomAD Genomes,NA,PASS,c.-74A>G,,c.-74A>G,5_prime_UTR_variant,,4,147782,0.000027066895833051387,0,0,0,2024,0,0,0,15080,0,0,0,10588,0,0,0,910,0,0,0,4944,0,0,0,304,0,0,0,4798,0,0,0,3302,0,0,4,41058,0,0,0,64774,0,0
6,26204572,,T,C,gnomAD Genomes,NA,PASS,c.-73T>C,,c.-73T>C,5_prime_UTR_variant,,2,147880,0.00001352447930754666,0,0,0,2018,0,0,2,15090,0,0,0,10610,0,0,0,912,0,0,0,4940,0,0,0,304,0,0,0,4796,0,0,0,3302,0,0,0,41112,0,0,0,64796,0,0
6,26204572,rs976235822,T,A,gnomAD Genomes,NA,PASS,c.-73T>A,,c.-73T>A,5_prime_UTR_variant,,2,147880,0.00001352447930754666,0,0,0,2018,0,0,0,15090,0,0,0,10610,0,0,0,912,0,0,0,4940,0,0,0,304,0,0,0,4796,0,0,0,3302,0,0,2,41112,0,0,0,64796,0,0
6,26204574,rs923049498,C,T,gnomAD Genomes,NA,PASS,c.-71C>T,,c.-71C>T,5_prime_UTR_variant,,2,147824,0.000013529602770862648,0,0,0,2022,0,0,0,15078,0,0,1,10602,0,0,0,910,0,0,0,4942,0,0,0,304,0,0,0,4792,0,0,0,3302,0,0,0,41076,0,0,1,64796,0,0
6,26204575,,C,G,gnomAD Genomes,NA,PASS,c.-70C>G,,c.-70C>G,5_prime_UTR_variant,,1,147802,0.000006765808311118929,0,0,0,2022,0,0,1,15080,0,0,0,10596,0,0,0,912,0,0,0,4950,0,0,0,304,0,0,0,4798,0,0,0,3300,0,0,0,41064,0,0,0,64776,0,0
6,26204575,rs931635393,C,T,gnomAD Genomes,NA,PASS,c.-70C>T,,c.-70C>T,5_prime_UTR_variant,,5,147802,0.00003382904155559465,0,0,0,2022,0,0,0,15080,0,0,0,10596,0,0,0,912,0,0,0,4950,0,0,0,304,0,0,0,4798,0,0,0,3300,0,0,5,41064,0,0,0,64776,0,0
6,26204576,rs919154679,C,T,gnomAD Genomes,NA,PASS,c.-69C>T,,c.-69C>T,5_prime_UTR_variant,,1,147818,0.0000067650759718031634,0,0,0,2020,0,0,0,15088,0,0,0,10598,0,0,0,912,0,0,0,4938,0,0,0,304,0,0,0,4792,0,0,0,3298,0,0,0,41076,0,0,1,64792,0,0
6,26204579,rs1360210990,C,T,gnomAD Genomes,NA,PASS,c.-66C>T,,c.-66C>T,5_prime_UTR_variant,,1,147880,0.00000676223965377333,0,0,0,2022,0,0,0,15098,0,0,0,10610,0,0,0,912,0,0,0,4952,0,0,0,304,0,0,0,4798,0,0,0,3300,0,0,1,41092,0,0,0,64792,0,0
6,26204580,rs1325887776,A,C,gnomAD Genomes,NA,PASS,c.-65A>C,,c.-65A>C,5_prime_UTR_variant,,2,147886,0.000013523930595188185,0,0,0,2022,0,0,0,15092,0,0,0,10608,0,0,0,912,0,0,0,4954,0,0,0,304,0,0,0,4802,0,0,0,3302,0,0,2,41100,0,0,0,64790,0,0
6,26204581,rs1050020798,T,C,gnomAD Genomes,NA,PASS,c.-64T>C,,c.-64T>C,5_prime_UTR_variant,,4,147922,0.00002704127851164803,0,0,0,2018,0,0,3,15100,0,0,0,10618,0,0,0,912,0,0,0,4954,0,0,0,304,0,0,0,4798,0,0,0,3300,0,0,1,41122,0,0,0,64796,0,0
6,26204584,rs1228266062,A,G,gnomAD Genomes,NA,PASS,c.-61A>G,,c.-61A>G,5_prime_UTR_variant,,1,147850,0.000006763611768684477,0,0,0,2020,0,0,0,15090,0,0,0,10602,0,0,0,912,0,0,0,4952,0,0,0,304,0,0,0,4792,0,0,0,3298,0,0,0,41086,0,0,1,64794,0,0
6,26204585,,A,G,gnomAD Genomes,NA,PASS,c.-60A>G,,c.-60A>G,5_prime_UTR_variant,,1,147890,0.00000676178240584218,0,0,0,2022,0,0,0,15082,0,0,0,10604,0,0,0,912,0,0,0,4958,0,0,0,304,0,0,0,4794,0,0,0,3302,0,0,1,41114,0,0,0,64798,0,0
6,26204585,,A,C,gnomAD Genomes,NA,PASS,c.-60A>C,,c.-60A>C,5_prime_UTR_variant,,1,147890,0.00000676178240584218,0,0,0,2022,0,0,0,15082,0,0,0,10604,0,0,0,912,0,0,0,4958,0,0,0,304,0,0,0,4794,0,0,0,3302,0,0,1,41114,0,0,0,64798,0,0
6,26204586,rs1270486294,G,C,gnomAD Genomes,NA,PASS,c.-59G>C,,c.-59G>C,5_prime_UTR_variant,,2,147842,0.00001352795552008225,0,0,0,2018,0,0,0,15076,0,0,0,10606,0,0,0,912,0,0,0,4946,0,0,0,304,0,0,0,4798,0,0,0,3300,0,0,0,41092,0,0,2,64790,0,0
6,26204587,rs1214354498,A,C,gnomAD Genomes,NA,PASS,c.-58A>C,,c.-58A>C,5_prime_UTR_variant,,1,147872,0.000006762605496645747,0,0,0,2022,0,0,0,15090,0,0,0,10600,0,0,0,912,0,0,0,4948,0,0,0,304,0,0,0,4798,0,0,0,3302,0,0,0,41104,0,0,1,64792,0,0
6,26204588,,A,C,gnomAD Genomes,NA,PASS,c.-57A>C,,c.-57A>C,5_prime_UTR_variant,,1,147830,0.000006764526821348846,0,0,0,2020,0,0,0,15088,0,0,0,10602,0,0,0,910,0,0,0,4948,0,0,0,304,0,0,0,4794,0,0,0,3302,0,0,0,41080,0,0,1,64782,0,0
6,26204590,,A,G,gnomAD Genomes,NA,PASS,c.-55A>G,,c.-55A>G,5_prime_UTR_variant,,1,147824,0.000006764801385431324,0,0,0,2022,0,0,0,15096,0,0,0,10596,0,0,0,912,0,0,0,4948,0,0,0,302,0,0,0,4798,0,0,0,3302,0,0,1,41058,0,0,0,64790,0,0
6,26204591,,C,G,gnomAD Genomes,NA,PASS,c.-54C>G,,c.-54C>G,5_prime_UTR_variant,,1,147904,0.000006761142362613587,0,0,0,2022,0,0,0,15082,0,0,0,10604,0,0,0,912,0,0,0,4952,0,0,0,304,0,0,0,4804,0,0,0,3302,0,0,0,41122,0,0,1,64800,0,0
6,26204591,,C,T,gnomAD Genomes,NA,PASS,c.-54C>T,,c.-54C>T,5_prime_UTR_variant,,1,147904,0.000006761142362613587,0,0,0,2022,0,0,0,15082,0,0,0,10604,0,0,0,912,0,0,1,4952,0,0,0,304,0,0,0,4804,0,0,0,3302,0,0,0,41122,0,0,0,64800,0,0
6,26204593,,A,G,gnomAD Genomes,NA,PASS,c.-52A>G,,c.-52A>G,5_prime_UTR_variant,,3,147852,0.00002029056083110137,0,0,1,2024,0,0,0,15080,0,0,0,10582,0,0,0,912,0,0,2,4956,0,0,0,304,0,0,0,4794,0,0,0,3302,0,0,0,41104,0,0,0,64794,0,0
6,26204594,,C,T,gnomAD Genomes,NA,PASS,c.-51C>T,,c.-51C>T,5_prime_UTR_variant,,2,147874,0.000013525028064433234,0,0,0,2022,0,0,1,15084,0,0,0,10596,0,0,0,912,0,0,0,4958,0,0,0,304,0,0,0,4796,0,0,0,3302,0,0,0,41098,0,0,1,64802,0,0
6,26204595,rs895945395,C,T,gnomAD Genomes,NA,PASS,c.-50C>T,,c.-50C>T,5_prime_UTR_variant,,1,147804,0.000006765716760033558,0,0,0,2022,0,0,0,15082,0,0,0,10584,0,0,0,912,0,0,0,4950,0,0,0,304,0,0,1,4798,0,0,0,3300,0,0,0,41074,0,0,0,64778,0,0
6,26204596,,G,A,gnomAD Genomes,NA,PASS,c.-49G>A,,c.-49G>A,5_prime_UTR_variant,,11,147818,0.0000744158356898348,0,0,0,2016,0,0,2,15080,0,0,0,10600,0,0,0,912,0,0,0,4948,0,0,0,304,0,0,1,4790,0,0,0,3302,0,0,0,41068,0,0,8,64798,0,0
6,26204597,rs764213763,T,C,gnomAD Genomes,NA,PASS,c.-48T>C,,c.-48T>C,5_prime_UTR_variant,,1,147846,0.00000676379475941182,0,0,0,2022,0,0,0,15086,0,0,0,10614,0,0,0,912,0,0,0,4948,0,0,0,304,0,0,0,4798,0,0,0,3302,0,0,1,41068,0,0,0,64792,0,0
6,26204598,,C,G,gnomAD Genomes,NA,PASS,c.-47C>G,,c.-47C>G,5_prime_UTR_variant,,2,147826,0.000013529419723188072,0,0,0,2022,0,0,0,15086,0,0,0,10584,0,0,0,912,0,0,0,4954,0,0,0,304,0,0,0,4798,0,0,0,3302,0,0,2,41076,0,0,0,64788,0,0
6,26204599,,G,C,gnomAD Genomes,NA,PASS,c.-46G>C,,c.-46G>C,5_prime_UTR_variant,,2,147794,0.00001353234908047688,0,0,0,2020,0,0,0,15086,0,0,1,10578,0,0,0,912,0,0,0,4954,0,0,0,304,0,0,0,4792,0,0,0,3296,0,0,0,41068,0,0,1,64784,0,0
6,26204599,,G,A,gnomAD Genomes,NA,PASS,c.-46G>A,,c.-46G>A,5_prime_UTR_variant,,1,147794,0.00000676617454023844,0,0,0,2020,0,0,0,15086,0,0,0,10578,0,0,0,912,0,0,0,4954,0,0,0,304,0,0,0,4792,0,0,0,3296,0,0,1,41068,0,0,0,64784,0,0
6,26204600,rs1289781102,CTTGT,C,gnomAD Genomes,NA,PASS,c.-42_-39del,,c.-42_-39del,5_prime_UTR_variant,,1,147872,0.000006762605496645747,0,0,0,2022,0,0,0,15086,0,0,0,10608,0,0,0,912,0,0,0,4956,0,0,0,304,0,0,0,4798,0,0,0,3302,0,0,0,41084,0,0,1,64800,0,0
6,26204600,rs199747912,C,T,gnomAD Genomes,NA,PASS,c.-45C>T,,c.-45C>T,5_prime_UTR_variant,,8,147872,0.00005410084397316598,0,0,0,2022,0,0,2,15086,0,0,0,10608,0,0,0,912,0,0,0,4956,0,0,0,304,0,0,0,4798,0,0,0,3302,0,0,2,41084,0,0,4,64800,0,0
6,26204601,,T,G,gnomAD Genomes,NA,PASS,c.-44T>G,,c.-44T>G,5_prime_UTR_variant,,4,147114,0.000027189798387644957,0,0,0,2018,0,0,0,15000,0,0,0,10584,0,0,0,912,0,0,0,4790,0,0,0,304,0,0,0,4622,0,0,0,3302,0,0,1,40928,0,0,3,64654,0,0
6,26204601,,T,C,gnomAD Genomes,NA,PASS,c.-44T>C,,c.-44T>C,5_prime_UTR_variant,,6,147114,0.00004078469758146743,0,0,0,2018,0,0,0,15000,0,0,0,10584,0,0,0,912,0,0,0,4790,0,0,0,304,0,0,0,4622,0,0,0,3302,0,0,6,40928,0,0,0,64654,0,0
6,26204602,,T,G,gnomAD Genomes,NA,PASS,c.-43T>G,,c.-43T>G,5_prime_UTR_variant,,1,147830,0.000006764526821348846,0,0,0,2020,0,0,0,15080,0,0,0,10608,0,0,0,912,0,0,0,4942,0,0,0,304,0,0,0,4776,0,0,0,3302,0,0,0,41096,0,0,1,64790,0,0
6,26204603,rs377601396,G,C,gnomAD Genomes,NA,PASS,c.-42G>C,,c.-42G>C,5_prime_UTR_variant,,2,147716,0.00001353949470605757,0,0,0,2016,0,0,0,15072,0,0,0,10566,0,0,0,912,0,0,0,4938,0,0,0,304,0,0,0,4774,0,0,0,3302,0,0,0,41070,0,0,2,64762,0,0
6,26204605,rs61742993,T,G,gnomAD Genomes,NA,PASS,c.-40T>G,,c.-40T>G,5_prime_UTR_variant,,4479,147830,0.030298315632821485,164,0,56,2020,0,0,309,15094,9,0,1,10614,0,0,0,912,0,0,0,4954,0,0,9,304,0,0,6,4800,0,0,39,3302,1,0,3841,41036,154,0,218,64794,0,0
6,26204606,rs372683763,T,C,gnomAD Genomes,NA,PASS,c.-39T>C,,c.-39T>C,5_prime_UTR_variant,,2,147880,0.00001352447930754666,0,0,0,2018,0,0,0,15082,0,0,0,10612,0,0,0,912,0,0,0,4954,0,0,0,304,0,0,0,4788,0,0,2,3300,0,0,0,41110,0,0,0,64800,0,0
6,26204608,rs773883466,TC,T,gnomAD Genomes,NA,PASS,c.-36del,,c.-36del,5_prime_UTR_variant,,7,147904,0.00004732799653829511,0,0,0,2020,0,0,0,15092,0,0,0,10616,0,0,0,912,0,0,0,4956,0,0,0,304,0,0,0,4802,0,0,0,3302,0,0,1,41096,0,0,6,64804,0,0
6,26204609,,C,A,gnomAD Genomes,NA,PASS,c.-36C>A,,c.-36C>A,5_prime_UTR_variant,,1348,145650,0.009255063508410573,11,0,30,2014,0,0,146,14808,0,0,0,10454,0,0,0,910,0,0,0,4568,0,0,7,304,0,0,4,4288,0,0,39,3302,1,0,1002,40590,10,0,120,64412,0,0
6,26204609,,C,G,gnomAD Genomes,NA,PASS,c.-36C>G,,c.-36C>G,5_prime_UTR_variant,,5,145674,0.00003432321484959567,0,0,0,2014,0,0,0,14810,0,0,0,10456,0,0,0,910,0,0,0,4574,0,0,0,304,0,0,0,4288,0,0,0,3302,0,0,1,40600,0,0,4,64416,0,0
6,26204609,,C,T,gnomAD Genomes,NA,PASS,c.-36C>T,,c.-36C>T,5_prime_UTR_variant,,10,145674,0.00006864642969919134,0,0,1,2014,0,0,0,14810,0,0,0,10456,0,0,0,910,0,0,0,4574,0,0,0,304,0,0,0,4288,0,0,0,3302,0,0,2,40600,0,0,7,64416,0,0
6,26204610,,A,T,gnomAD Genomes,NA,PASS,c.-35A>T,,c.-35A>T,5_prime_UTR_variant,,6,147720,0.00004061738424045491,0,0,0,2018,0,0,0,15064,0,0,0,10584,0,0,0,912,0,0,0,4942,0,0,0,304,0,0,2,4778,0,0,2,3300,0,0,0,41058,0,0,2,64760,0,0
6,26204610,,A,C,gnomAD Genomes,NA,PASS,c.-35A>C,,c.-35A>C,5_prime_UTR_variant,,26,147720,0.0001760086650419713,0,0,0,2018,0,0,1,15064,0,0,0,10584,0,0,0,912,0,0,0,4942,0,0,0,304,0,0,6,4778,0,0,0,3300,0,0,4,41058,0,0,15,64760,0,0
6,26204611,,G,A,gnomAD Genomes,NA,PASS,c.-34G>A,,c.-34G>A,5_prime_UTR_variant,,5,147756,0.00003383957335065919,0,0,0,2016,0,0,4,15074,0,0,1,10598,0,0,0,910,0,0,0,4924,0,0,0,304,0,0,0,4774,0,0,0,3302,0,0,0,41070,0,0,0,64784,0,0
6,26204611,,G,C,gnomAD Genomes,NA,PASS,c.-34G>C,,c.-34G>C,5_prime_UTR_variant,,2,147756,0.000013535829340263678,0,0,0,2016,0,0,0,15074,0,0,0,10598,0,0,0,910,0,0,0,4924,0,0,0,304,0,0,1,4774,0,0,0,3302,0,0,0,41070,0,0,1,64784,0,0
6,26204611,,G,T,gnomAD Genomes,NA,PASS,c.-34G>T,,c.-34G>T,5_prime_UTR_variant,,1,147752,0.000006768097893767936,0,0,0,2016,0,0,0,15072,0,0,0,10598,0,0,0,910,0,0,0,4922,0,0,0,304,0,0,0,4774,0,0,0,3302,0,0,0,41070,0,0,1,64784,0,0
6,26204612,,ATT,A,gnomAD Genomes,NA,PASS,c.-29_-28del,,c.-29_-28del,5_prime_UTR_variant,,1,147432,0.00000678278799717836,0,0,0,2014,0,0,0,15054,0,0,0,10510,0,0,0,908,0,0,0,4918,0,0,0,304,0,0,0,4754,0,0,0,3296,0,0,0,40968,0,0,1,64706,0,0
6,26204612,,A,G,gnomAD Genomes,NA,PASS,c.-33A>G,,c.-33A>G,5_prime_UTR_variant,,6,147432,0.00004069672798307016,0,0,0,2014,0,0,0,15054,0,0,0,10510,0,0,0,908,0,0,1,4918,0,0,0,304,0,0,0,4754,0,0,0,3296,0,0,5,40968,0,0,0,64706,0,0
6,26204616,rs749057585,T,C,gnomAD Genomes,NA,PASS,c.-29T>C,,c.-29T>C,5_prime_UTR_variant,,9,147874,0.00006086262628994955,0,0,0,2016,0,0,1,15082,0,0,0,10618,0,0,0,912,0,0,0,4956,0,0,0,304,0,0,3,4794,0,0,0,3302,0,0,2,41092,0,0,3,64798,0,0
6,26204617,rs1384483637,T,G,gnomAD Genomes,NA,PASS,c.-28T>G,,c.-28T>G,5_prime_UTR_variant,,1,147904,0.000006761142362613587,0,0,0,2020,0,0,0,15088,0,0,0,10606,0,0,0,912,0,0,0,4954,0,0,0,304,0,0,0,4800,0,0,0,3302,0,0,0,41116,0,0,1,64802,0,0
6,26204618,,G,A,gnomAD Genomes,NA,PASS,c.-27G>A,,c.-27G>A,5_prime_UTR_variant,,5,144174,0.00003468031683937464,0,0,0,2006,0,0,3,14630,0,0,0,10218,0,0,0,900,0,0,0,4288,0,0,0,304,0,0,0,4026,0,0,0,3300,0,0,0,40280,0,0,2,64222,0,0
6,26204619,,C,T,gnomAD Genomes,NA,PASS,c.-26C>T,,c.-26C>T,5_prime_UTR_variant,,3,146688,0.000020451570680628273,0,0,0,2012,0,0,0,14948,0,0,0,10536,0,0,0,910,0,0,1,4728,0,0,0,304,0,0,0,4528,0,0,0,3300,0,0,2,40808,0,0,0,64614,0,0
6,26204620,rs754219809,G,A,gnomAD Genomes,NA,PASS,c.-25G>A,,c.-25G>A,5_prime_UTR_variant,,1,147818,0.0000067650759718031634,0,0,0,2014,0,0,0,15086,0,0,0,10600,0,0,0,912,0,0,0,4944,0,0,0,304,0,0,0,4792,0,0,0,3302,0,0,0,41064,0,0,1,64800,0,0
6,26204621,rs1168146356,GC,G,gnomAD Genomes,NA,PASS,c.-23del,,c.-23del,5_prime_UTR_variant,,1,147842,0.000006763977760041125,0,0,0,2022,0,0,0,15070,0,0,0,10600,0,0,0,912,0,0,0,4954,0,0,0,304,0,0,0,4792,0,0,0,3300,0,0,1,41084,0,0,0,64804,0,0
6,26204622,rs755370533,C,T,gnomAD Genomes,NA,PASS,c.-23C>T,,c.-23C>T,5_prime_UTR_variant,,2,147214,0.00001358566440691782,0,0,0,2020,0,0,1,15012,0,0,0,10588,0,0,0,912,0,0,0,4812,0,0,0,304,0,0,0,4648,0,0,0,3302,0,0,0,40930,0,0,1,64686,0,0
6,26204623,,T,A,gnomAD Genomes,NA,PASS,c.-22T>A,,c.-22T>A,5_prime_UTR_variant,,3,147276,0.00002036991770553247,0,0,0,2022,0,0,0,15016,0,0,0,10572,0,0,0,910,0,0,0,4844,0,0,0,304,0,0,3,4620,0,0,0,3298,0,0,0,40990,0,0,0,64700,0,0
6,26204624,rs746685515,A,G,gnomAD Genomes,NA,PASS,c.-21A>G,,c.-21A>G,5_prime_UTR_variant,,2,147492,0.000013560057494643777,0,0,0,2016,0,0,0,15054,0,0,0,10520,0,0,0,912,0,0,0,4926,0,0,0,304,0,0,0,4752,0,0,1,3302,0,0,0,40946,0,0,1,64760,0,0
6,26204626,,T,G,gnomAD Genomes,NA,PASS,c.-19T>G,,c.-19T>G,5_prime_UTR_variant,,1,147844,0.0000067638862584886775,0,0,0,2020,0,0,0,15086,0,0,0,10606,0,0,0,912,0,0,0,4946,0,0,0,304,0,0,0,4788,0,0,0,3302,0,0,0,41082,0,0,1,64798,0,0
6,26204626,rs1561984941,TTTCG,T,gnomAD Genomes,NA,PASS,c.-16_-13del,,c.-16_-13del,5_prime_UTR_variant,,1,147844,0.0000067638862584886775,0,0,0,2020,0,0,0,15086,0,0,0,10606,0,0,0,912,0,0,0,4946,0,0,0,304,0,0,0,4788,0,0,0,3302,0,0,0,41082,0,0,1,64798,0,0
6,26204626,rs1172438235,T,TA,gnomAD Genomes,NA,PASS,c.-19_-18insA,,c.-19_-18insA,5_prime_UTR_variant,,1,147844,0.0000067638862584886775,0,0,0,2020,0,0,0,15086,0,0,0,10606,0,0,0,912,0,0,1,4946,0,0,0,304,0,0,0,4788,0,0,0,3302,0,0,0,41082,0,0,0,64798,0,0
6,26204626,,T,C,gnomAD Genomes,NA,PASS,c.-19T>C,,c.-19T>C,5_prime_UTR_variant,,1,147844,0.0000067638862584886775,0,0,0,2020,0,0,0,15086,0,0,0,10606,0,0,0,912,0,0,0,4946,0,0,0,304,0,0,0,4788,0,0,0,3302,0,0,1,41082,0,0,0,64798,0,0
6,26204627,rs745781167,T,A,gnomAD Genomes,NA,PASS,c.-18T>A,,c.-18T>A,5_prime_UTR_variant,,4,147858,0.00002705298326772985,0,0,1,2018,0,0,0,15082,0,0,0,10608,0,0,0,912,0,0,0,4952,0,0,0,304,0,0,0,4800,0,0,0,3302,0,0,0,41078,0,0,3,64802,0,0
6,26204628,rs1255144310,T,G,gnomAD Genomes,NA,PASS,c.-17T>G,,c.-17T>G,5_prime_UTR_variant,,1,147872,0.000006762605496645747,0,0,0,2018,0,0,0,15074,0,0,0,10606,0,0,0,912,0,0,0,4956,0,0,0,304,0,0,0,4800,0,0,0,3302,0,0,1,41098,0,0,0,64802,0,0
6,26204629,,C,G,gnomAD Genomes,NA,PASS,c.-16C>G,,c.-16C>G,5_prime_UTR_variant,,4,146120,0.00002737476047084588,0,0,0,2014,0,0,0,14856,0,0,3,10476,0,0,0,908,0,0,0,4644,0,0,0,304,0,0,0,4406,0,0,0,3298,0,0,1,40688,0,0,0,64526,0,0
6,26204629,,C,T,gnomAD Genomes,NA,PASS,c.-16C>T,,c.-16C>T,5_prime_UTR_variant,,10,146118,0.00006843783791182469,0,0,0,2014,0,0,0,14856,0,0,0,10476,0,0,0,908,0,0,2,4642,0,0,0,304,0,0,0,4406,0,0,0,3298,0,0,0,40688,0,0,8,64526,0,0
6,26204630,,G,A,gnomAD Genomes,NA,PASS,c.-15G>A,,c.-15G>A,5_prime_UTR_variant,,4,147808,0.000027062134661182073,0,0,0,2018,0,0,0,15080,0,0,0,10588,0,0,0,912,0,0,0,4942,0,0,0,304,0,0,1,4798,0,0,0,3300,0,0,2,41070,0,0,1,64796,0,0
6,26204631,,T,A,gnomAD Genomes,NA,PASS,c.-14T>A,,c.-14T>A,5_prime_UTR_variant,,1,147252,0.000006791079238312553,0,0,0,2012,0,0,0,15014,0,0,0,10486,0,0,0,908,0,0,0,4856,0,0,0,304,0,0,0,4676,0,0,0,3300,0,0,0,40978,0,0,1,64718,0,0
6,26204631,,T,G,gnomAD Genomes,NA,PASS,c.-14T>G,,c.-14T>G,5_prime_UTR_variant,,7,147252,0.00004753755466818787,0,0,0,2012,0,0,0,15014,0,0,0,10486,0,0,0,908,0,0,0,4856,0,0,0,304,0,0,0,4676,0,0,0,3300,0,0,7,40978,0,0,0,64718,0,0
6,26204632,rs1480343079,T,A,gnomAD Genomes,NA,PASS,c.-13T>A,,c.-13T>A,5_prime_UTR_variant,,1,147830,0.000006764526821348846,0,0,0,2018,0,0,0,15072,0,0,0,10602,0,0,0,912,0,0,0,4950,0,0,0,304,0,0,0,4798,0,0,0,3302,0,0,0,41078,0,0,1,64794,0,0
6,26204633,,G,A,gnomAD Genomes,NA,PASS,c.-12G>A,,c.-12G>A,5_prime_UTR_variant,,1,147632,0.00000677359921968137,0,0,0,2012,0,0,0,15070,0,0,0,10580,0,0,0,912,0,0,0,4922,0,0,0,304,0,0,0,4738,0,0,0,3302,0,0,1,41044,0,0,0,64748,0,0
6,26204633,rs774516460,G,T,gnomAD Genomes,NA,PASS,c.-12G>T,,c.-12G>T,5_prime_UTR_variant,,1,147632,0.00000677359921968137,0,0,0,2012,0,0,1,15070,0,0,0,10580,0,0,0,912,0,0,0,4922,0,0,0,304,0,0,0,4738,0,0,0,3302,0,0,0,41044,0,0,0,64748,0,0
6,26204634,,G,A,gnomAD Genomes,NA,PASS,c.-11G>A,,c.-11G>A,5_prime_UTR_variant,,3,147884,0.000020286170241540668,0,0,0,2018,0,0,0,15086,0,0,0,10604,0,0,0,912,0,0,0,4956,0,0,0,304,0,0,0,4800,0,0,0,3302,0,0,0,41106,0,0,3,64796,0,0
6,26204634,,G,C,gnomAD Genomes,NA,PASS,c.-11G>C,,c.-11G>C,5_prime_UTR_variant,,3,147884,0.000020286170241540668,0,0,0,2018,0,0,0,15086,0,0,0,10604,0,0,0,912,0,0,1,4956,0,0,0,304,0,0,0,4800,0,0,0,3302,0,0,1,41106,0,0,1,64796,0,0
6,26204638,,G,T,gnomAD Genomes,NA,PASS,c.-7G>T,,c.-7G>T,5_prime_UTR_variant,,81,147854,0.0005478377318165217,0,0,1,2018,0,0,4,15088,0,0,0,10594,0,0,0,912,0,0,0,4950,0,0,0,304,0,0,0,4802,0,0,0,3302,0,0,76,41092,0,0,0,64792,0,0
6,26204640,rs766724515,T,G,gnomAD Genomes,NA,PASS,c.-5T>G,,c.-5T>G,5_prime_UTR_variant,,1,147858,0.000006763245816932462,0,0,0,2020,0,0,0,15078,0,0,0,10622,0,0,0,910,0,0,0,4952,0,0,0,304,0,0,0,4800,0,0,0,3302,0,0,0,41096,0,0,1,64774,0,0
6,26204640,,T,C,gnomAD Genomes,NA,PASS,c.-5T>C,,c.-5T>C,5_prime_UTR_variant,,1,147858,0.000006763245816932462,0,0,0,2020,0,0,0,15078,0,0,0,10622,0,0,0,910,0,0,0,4952,0,0,0,304,0,0,0,4800,0,0,0,3302,0,0,0,41096,0,0,1,64774,0,0
6,26204641,,G,T,gnomAD Genomes,NA,PASS,c.-4G>T,,c.-4G>T,5_prime_UTR_variant,,8,147420,0.0000542667209333876,0,0,0,2020,0,0,6,15016,0,0,0,10558,0,0,0,908,0,0,0,4894,0,0,0,304,0,0,2,4710,0,0,0,3302,0,0,0,40980,0,0,0,64728,0,0
6,26204641,,G,A,gnomAD Genomes,NA,PASS,c.-4G>A,,c.-4G>A,5_prime_UTR_variant,,1,147420,0.00000678334011667345,0,0,0,2020,0,0,0,15016,0,0,0,10558,0,0,0,908,0,0,0,4894,0,0,0,304,0,0,0,4710,0,0,0,3302,0,0,0,40980,0,0,1,64728,0,0
6,26204641,,G,C,gnomAD Genomes,NA,PASS,c.-4G>C,,c.-4G>C,5_prime_UTR_variant,,1,147420,0.00000678334011667345,0,0,0,2020,0,0,0,15016,0,0,0,10558,0,0,0,908,0,0,1,4894,0,0,0,304,0,0,0,4710,0,0,0,3302,0,0,0,40980,0,0,0,64728,0,0
6,26204642,,G,T,gnomAD Genomes,NA,PASS,c.-3G>T,,c.-3G>T,5_prime_UTR_variant,,3,147804,0.000020297150280100673,0,0,0,2018,0,0,0,15070,0,0,0,10604,0,0,0,912,0,0,1,4946,0,0,0,304,0,0,2,4794,0,0,0,3302,0,0,0,41074,0,0,0,64780,0,0
6,26204642,,G,A,gnomAD Genomes,NA,PASS,c.-3G>A,,c.-3G>A,5_prime_UTR_variant,,6,147804,0.000040594300560201345,0,0,0,2018,0,0,2,15070,0,0,0,10604,0,0,0,912,0,0,0,4946,0,0,0,304,0,0,0,4794,0,0,0,3302,0,0,2,41074,0,0,2,64780,0,0
6,26204642,,G,C,gnomAD Genomes,NA,PASS,c.-3G>C,,c.-3G>C,5_prime_UTR_variant,,1,147804,0.000006765716760033558,0,0,0,2018,0,0,0,15070,0,0,0,10604,0,0,0,912,0,0,0,4946,0,0,0,304,0,0,0,4794,0,0,0,3302,0,0,0,41074,0,0,1,64780,0,0
6,26204643,,T,A,gnomAD Genomes,NA,PASS,c.-2T>A,,c.-2T>A,5_prime_UTR_variant,,2,147822,0.000013529785823490415,0,0,0,2022,0,0,0,15078,0,0,0,10602,0,0,0,912,0,0,0,4940,0,0,0,304,0,0,0,4788,0,0,0,3302,0,0,1,41084,0,0,1,64790,0,0
6,26204644,rs144621549,C,T,gnomAD Genomes,NA,PASS,c.-1C>T,,c.-1C>T,5_prime_UTR_variant,,12,146488,0.00008191797280323302,0,0,0,2016,0,0,4,14894,0,0,0,10534,0,0,0,910,0,0,0,4704,0,0,1,304,0,0,0,4480,0,0,0,3298,0,0,1,40794,0,0,6,64554,0,0
6,26204645,rs184503150,A,G,gnomAD Genomes,NA,PASS,p.Met1?,p.Met1?,c.1A>G,start_lost,,8,147670,0.00005417484932620031,0,0,0,2014,0,0,0,15064,0,0,0,10592,0,0,0,910,0,0,8,4932,0,0,0,304,0,0,0,4764,0,0,0,3302,0,0,0,41034,0,0,0,64754,0,0
6,26204646,,T,C,gnomAD Genomes,NA,PASS,p.Met1?,p.Met1?,c.2T>C,start_lost,,7,147832,0.000047351047134585204,0,0,0,2014,0,0,0,15080,0,0,0,10604,0,0,0,912,0,0,0,4952,0,0,0,304,0,0,0,4792,0,0,0,3300,0,0,0,41092,0,0,7,64782,0,0
6,26204646,,T,A,gnomAD Genomes,NA,PASS,p.Met1?,p.Met1?,c.2T>A,start_lost,,2,147832,0.000013528870609881487,0,0,0,2014,0,0,0,15080,0,0,0,10604,0,0,0,912,0,0,0,4952,0,0,0,304,0,0,0,4792,0,0,0,3300,0,0,0,41092,0,0,2,64782,0,0
6,26204647,,G,A,gnomAD Genomes,NA,PASS,p.Met1?,p.Met1?,c.3G>A,start_lost,,3,147678,0.00002031446796408402,0,0,0,2018,0,0,0,15050,0,0,0,10590,0,0,0,912,0,0,0,4922,0,0,0,304,0,0,0,4750,0,0,0,3302,0,0,2,41064,0,0,1,64766,0,0
6,26204649,,C,G,gnomAD Genomes,NA,PASS,p.Ser2Cys,p.Ser2Cys,c.5C>G,missense_variant,,1,147228,0.000006792186268916239,0,0,0,2016,0,0,0,14988,0,0,0,10586,0,0,0,912,0,0,0,4840,0,0,0,304,0,0,0,4654,0,0,0,3302,0,0,0,40944,0,0,1,64682,0,0
6,26204649,,C,T,gnomAD Genomes,NA,PASS,p.Ser2Phe,p.Ser2Phe,c.5C>T,missense_variant,,1,147228,0.000006792186268916239,0,0,0,2016,0,0,0,14988,0,0,1,10586,0,0,0,912,0,0,0,4840,0,0,0,304,0,0,0,4654,0,0,0,3302,0,0,0,40944,0,0,0,64682,0,0
6,26204650,,T,C,gnomAD Genomes,NA,PASS,p.Ser2Ser,p.Ser2Ser,c.6T>C,synonymous_variant,,1,147878,0.000006762331110780508,0,0,0,2020,0,0,0,15090,0,0,0,10624,0,0,0,912,0,0,0,4956,0,0,0,304,0,0,1,4790,0,0,0,3302,0,0,0,41092,0,0,0,64788,0,0
6,26204650,,T,G,gnomAD Genomes,NA,PASS,p.Ser2Ser,p.Ser2Ser,c.6T>G,synonymous_variant,,2,147878,0.000013524662221561016,0,0,0,2020,0,0,0,15090,0,0,0,10624,0,0,0,912,0,0,0,4956,0,0,0,304,0,0,0,4790,0,0,0,3302,0,0,0,41092,0,0,2,64788,0,0
6,26204656,,C,T,gnomAD Genomes,NA,PASS,p.Arg4Arg,p.Arg4Arg,c.12C>T,synonymous_variant,,10,147718,0.00006769655695311336,0,0,1,2014,0,0,5,15080,0,0,0,10580,0,0,0,912,0,0,0,4938,0,0,0,304,0,0,0,4772,0,0,0,3302,0,0,0,41060,0,0,4,64756,0,0
6,26204658,rs765678494,G,A,gnomAD Genomes,NA,PASS,p.Gly5Asp,p.Gly5Asp,c.14G>A,missense_variant,,1,147832,0.000006764435304940744,0,0,0,2016,0,0,0,15074,0,0,0,10612,0,0,0,912,0,0,0,4946,0,0,0,304,0,0,0,4796,0,0,0,3302,0,0,0,41078,0,0,1,64792,0,0
6,26204659,,C,A,gnomAD Genomes,NA,PASS,p.Gly5Gly,p.Gly5Gly,c.15C>A,synonymous_variant,,1,147790,0.000006766357669666418,0,0,0,2016,0,0,0,15064,0,0,1,10602,0,0,0,912,0,0,0,4940,0,0,0,304,0,0,0,4784,0,0,0,3302,0,0,0,41086,0,0,0,64780,0,0
6,26204659,,C,T,gnomAD Genomes,NA,PASS,p.Gly5Gly,p.Gly5Gly,c.15C>T,synonymous_variant,,2,147790,0.000013532715339332836,0,0,0,2016,0,0,1,15064,0,0,0,10602,0,0,0,912,0,0,0,4940,0,0,0,304,0,0,0,4784,0,0,0,3302,0,0,1,41086,0,0,0,64780,0,0
6,26204663,rs767212732,G,A,gnomAD Genomes,NA,PASS,p.Gly7Ser,p.Gly7Ser,c.19G>A,missense_variant,,1,147740,0.000006768647624204684,0,0,0,2020,0,0,0,15056,0,0,0,10624,0,0,0,910,0,0,0,4932,0,0,0,304,0,0,0,4758,0,0,0,3302,0,0,1,41066,0,0,0,64768,0,0
6,26204665,,C,G,gnomAD Genomes,NA,PASS,p.Gly7Gly,p.Gly7Gly,c.21C>G,synonymous_variant,,1,147692,0.0000067708474392654985,0,0,0,2016,0,0,1,15060,0,0,0,10586,0,0,0,912,0,0,0,4942,0,0,0,304,0,0,0,4772,0,0,0,3302,0,0,0,41030,0,0,0,64768,0,0
6,26204665,,C,T,gnomAD Genomes,NA,PASS,p.Gly7Gly,p.Gly7Gly,c.21C>T,synonymous_variant,,17,147692,0.00011510440646751347,0,0,1,2016,0,0,0,15060,0,0,0,10586,0,0,0,912,0,0,1,4942,0,0,0,304,0,0,0,4772,0,0,10,3302,0,0,2,41030,0,0,3,64768,0,0
6,26204671,rs779653681,G,A,gnomAD Genomes,NA,PASS,p.Lys9Lys,p.Lys9Lys,c.27G>A,synonymous_variant,,3,147868,0.000020288365298779994,0,0,1,2018,0,0,0,15088,0,0,0,10612,0,0,0,912,0,0,0,4948,0,0,0,304,0,0,0,4794,0,0,0,3302,0,0,1,41096,0,0,1,64794,0,0
6,26204674,,A,T,gnomAD Genomes,NA,PASS,p.Gly10Gly,p.Gly10Gly,c.30A>T,synonymous_variant,,1,147272,0.000006790156988429573,0,0,0,2012,0,0,0,15006,0,0,0,10552,0,0,0,912,0,0,0,4902,0,0,0,304,0,0,0,4690,0,0,0,3296,0,0,0,40912,0,0,1,64686,0,0
6,26204675,rs750253540,C,CT,gnomAD Genomes,NA,PASS,p.Lys13Ter,p.Lys13Ter,c.32dup,frameshift_variant,lof_flag,1,147810,0.000006765442121642649,0,0,0,2020,0,0,0,15078,0,0,0,10580,0,0,0,912,0,0,0,4942,0,0,0,304,0,0,0,4794,0,0,0,3302,0,0,0,41080,0,0,1,64798,0,0
6,26204677,rs778674883,G,A,gnomAD Genomes,NA,PASS,p.Leu11Leu,p.Leu11Leu,c.33G>A,synonymous_variant,,1,147896,0.000006761508086763672,0,0,0,2020,0,0,0,15082,0,0,0,10630,0,0,0,912,0,0,0,4944,0,0,0,304,0,0,0,4798,0,0,0,3300,0,0,1,41112,0,0,0,64794,0,0
6,26204677,,G,T,gnomAD Genomes,NA,PASS,p.Leu11Leu,p.Leu11Leu,c.33G>T,synonymous_variant,,1,147896,0.000006761508086763672,0,0,0,2020,0,0,0,15082,0,0,0,10630,0,0,0,912,0,0,0,4944,0,0,0,304,0,0,0,4798,0,0,0,3300,0,0,1,41112,0,0,0,64794,0,0
6,26204678,,G,T,gnomAD Genomes,NA,PASS,p.Gly12Cys,p.Gly12Cys,c.34G>T,missense_variant,,1,147888,0.000006761873850481445,0,0,0,2022,0,0,0,15080,0,0,0,10616,0,0,0,912,0,0,0,4948,0,0,0,304,0,0,0,4794,0,0,0,3302,0,0,0,41116,0,0,1,64794,0,0
6,26204683,,A,G,gnomAD Genomes,NA,PASS,p.Lys13Lys,p.Lys13Lys,c.39A>G,synonymous_variant,,1,147862,0.000006763062855906183,0,0,0,2020,0,0,0,15082,0,0,0,10606,0,0,0,912,0,0,0,4944,0,0,0,304,0,0,0,4798,0,0,0,3302,0,0,0,41100,0,0,1,64794,0,0
6,26204684,rs1453419840,G,A,gnomAD Genomes,NA,PASS,p.Gly14Arg,p.Gly14Arg,c.40G>A,missense_variant,,1,147856,0.000006763337301157883,0,0,0,2022,0,0,1,15082,0,0,0,10608,0,0,0,912,0,0,0,4936,0,0,0,304,0,0,0,4782,0,0,0,3302,0,0,0,41116,0,0,0,64792,0,0
6,26204685,,G,A,gnomAD Genomes,NA,PASS,p.Gly14Glu,p.Gly14Glu,c.41G>A,missense_variant,,2,147928,0.000013520090855010546,0,0,1,2022,0,0,0,15088,0,0,0,10624,0,0,0,912,0,0,0,4942,0,0,0,304,0,0,0,4796,0,0,0,3300,0,0,1,41134,0,0,0,64806,0,0
6,26204685,,G,C,gnomAD Genomes,NA,PASS,p.Gly14Ala,p.Gly14Ala,c.41G>C,missense_variant,,1,147928,0.000006760045427505273,0,0,0,2022,0,0,0,15088,0,0,0,10624,0,0,0,912,0,0,0,4942,0,0,0,304,0,0,0,4796,0,0,0,3300,0,0,0,41134,0,0,1,64806,0,0
6,26204687,,G,A,gnomAD Genomes,NA,PASS,p.Gly15Ser,p.Gly15Ser,c.43G>A,missense_variant,,2,147900,0.00001352265043948614,0,0,0,2024,0,0,0,15078,0,0,0,10624,0,0,0,912,0,0,0,4942,0,0,0,304,0,0,0,4792,0,0,0,3302,0,0,0,41114,0,0,2,64808,0,0
6,26204688,,G,A,gnomAD Genomes,NA,PASS,p.Gly15Asp,p.Gly15Asp,c.44G>A,missense_variant,,1,147904,0.000006761142362613587,0,0,0,2022,0,0,0,15088,0,0,0,10612,0,0,0,912,0,0,0,4948,0,0,0,304,0,0,0,4792,0,0,0,3302,0,0,0,41114,0,0,1,64810,0,0
6,26204688,,G,T,gnomAD Genomes,NA,PASS,p.Gly15Val,p.Gly15Val,c.44G>T,missense_variant,,1,147904,0.000006761142362613587,0,0,0,2022,0,0,0,15088,0,0,0,10612,0,0,0,912,0,0,0,4948,0,0,0,304,0,0,0,4792,0,0,0,3302,0,0,1,41114,0,0,0,64810,0,0
6,26204689,rs202183095,C,T,gnomAD Genomes,NA,PASS,p.Gly15Gly,p.Gly15Gly,c.45C>T,synonymous_variant,,11,147814,0.00007441784945945581,0,0,0,2022,0,0,0,15070,0,0,0,10596,0,0,0,912,0,0,5,4940,0,0,0,304,0,0,0,4784,0,0,0,3302,0,0,5,41094,0,0,1,64790,0,0
6,26204691,,C,G,gnomAD Genomes,NA,PASS,p.Ala16Gly,p.Ala16Gly,c.47C>G,missense_variant,,1,147886,0.000006761965297594092,0,0,0,2020,0,0,0,15082,0,0,0,10604,0,0,0,912,0,0,0,4950,0,0,0,304,0,0,0,4794,0,0,0,3300,0,0,0,41112,0,0,1,64808,0,0
6,26204691,,C,A,gnomAD Genomes,NA,PASS,p.Ala16Asp,p.Ala16Asp,c.47C>A,missense_variant,,1,147886,0.000006761965297594092,0,0,0,2020,0,0,0,15082,0,0,0,10604,0,0,0,912,0,0,0,4950,0,0,0,304,0,0,0,4794,0,0,0,3300,0,0,1,41112,0,0,0,64808,0,0
6,26204695,rs770490166,G,A,gnomAD Genomes,NA,PASS,p.Lys17Lys,p.Lys17Lys,c.51G>A,synonymous_variant,,4,147906,0.00002704420375103106,0,0,1,2022,0,0,1,15086,0,0,0,10614,0,0,0,912,0,0,0,4946,0,0,0,304,0,0,0,4792,0,0,0,3300,0,0,0,41124,0,0,2,64806,0,0
6,26204696,rs776145717,C,T,gnomAD Genomes,NA,PASS,p.Arg18Cys,p.Arg18Cys,c.52C>T,missense_variant,,1,147888,0.000006761873850481445,0,0,1,2020,0,0,0,15088,0,0,0,10606,0,0,0,912,0,0,0,4952,0,0,0,304,0,0,0,4794,0,0,0,3302,0,0,0,41110,0,0,0,64800,0,0
6,26204698,rs755908454,TCA,T,gnomAD Genomes,NA,PASS,p.His19ProfsTer2,p.His19ProfsTer2,c.56_57del,frameshift_variant,lof_flag,1,147880,0.00000676223965377333,0,0,0,2020,0,0,0,15080,0,0,0,10610,0,0,0,912,0,0,0,4950,0,0,0,304,0,0,0,4792,0,0,0,3302,0,0,1,41118,0,0,0,64792,0,0
6,26204699,,C,G,gnomAD Genomes,NA,PASS,p.His19Asp,p.His19Asp,c.55C>G,missense_variant,,1,147898,0.0000067614166520169305,0,0,0,2020,0,0,0,15078,0,0,0,10618,0,0,0,912,0,0,0,4954,0,0,0,304,0,0,0,4794,0,0,0,3302,0,0,1,41114,0,0,0,64802,0,0
6,26204702,rs763354325,C,T,gnomAD Genomes,NA,PASS,p.Arg20Cys,p.Arg20Cys,c.58C>T,missense_variant,,2,147860,0.000013526308670363858,0,0,0,2018,0,0,0,15084,0,0,0,10596,0,0,0,912,0,0,0,4952,0,0,0,302,0,0,0,4790,0,0,0,3302,0,0,1,41116,0,0,1,64788,0,0
6,26204704,rs147263244,T,A,gnomAD Genomes,NA,PASS,p.Arg20Arg,p.Arg20Arg,c.60T>A,synonymous_variant,,2,147894,0.000013523199047966786,0,0,0,2016,0,0,0,15088,0,0,0,10620,0,0,0,912,0,0,0,4950,0,0,0,304,0,0,0,4790,0,0,0,3302,0,0,2,41118,0,0,0,64794,0,0
6,26204707,rs760423117,G,A,gnomAD Genomes,NA,PASS,p.Lys21Lys,p.Lys21Lys,c.63G>A,synonymous_variant,,2,147936,0.000013519359723123514,0,0,0,2024,0,0,0,15090,0,0,0,10628,0,0,0,912,0,0,1,4948,0,0,0,304,0,0,0,4798,0,0,0,3302,0,0,0,41124,0,0,1,64806,0,0
6,26204708,,G,A,gnomAD Genomes,NA,PASS,p.Val22Ile,p.Val22Ile,c.64G>A,missense_variant,,1,147934,0.0000067597712493409226,0,0,0,2022,0,0,0,15096,0,0,0,10614,0,0,0,912,0,0,0,4954,0,0,0,304,0,0,1,4796,0,0,0,3300,0,0,0,41132,0,0,0,64804,0,0
6,26204710,rs765793762,C,T,gnomAD Genomes,NA,PASS,p.Val22Val,p.Val22Val,c.66C>T,synonymous_variant,,5,147862,0.000033815314279530915,0,0,0,2022,0,0,0,15088,0,0,0,10604,0,0,0,910,0,0,1,4962,0,0,0,304,0,0,0,4788,0,0,0,3302,0,0,3,41084,0,0,1,64798,0,0
6,26204711,rs753454645,C,T,gnomAD Genomes,NA,PASS,p.Leu23Leu,p.Leu23Leu,c.67C>T,synonymous_variant,,2,147928,0.000013520090855010546,0,0,0,2020,0,0,0,15082,0,0,0,10620,0,0,0,912,0,0,0,4964,0,0,0,304,0,0,0,4790,0,0,0,3300,0,0,0,41128,0,0,2,64808,0,0
6,26204714,,C,T,gnomAD Genomes,NA,PASS,p.Arg24Ter,p.Arg24Ter,c.70C>T,stop_gained,lof_flag,8,147884,0.00005409645397744178,0,0,0,2024,0,0,0,15080,0,0,0,10612,0,0,0,912,0,0,0,4956,0,0,0,304,0,0,0,4790,0,0,0,3300,0,0,1,41104,0,0,7,64802,0,0
6,26204716,,A,T,gnomAD Genomes,NA,PASS,p.Arg24Arg,p.Arg24Arg,c.72A>T,synonymous_variant,,3,147934,0.000020279313748022768,0,0,0,2022,0,0,0,15096,0,0,0,10624,0,0,0,912,0,0,0,4962,0,0,0,304,0,0,0,4794,0,0,0,3298,0,0,1,41122,0,0,2,64800,0,0
6,26204722,rs140853277,C,T,gnomAD Genomes,NA,PASS,p.Asn26Asn,p.Asn26Asn,c.78C>T,synonymous_variant,,5,147914,0.00003380342631529132,0,0,0,2022,0,0,1,15086,0,0,0,10616,0,0,0,912,0,0,0,4956,0,0,0,302,0,0,0,4790,0,0,0,3300,0,0,1,41118,0,0,3,64812,0,0
6,26204726,rs376989143,C,T,gnomAD Genomes,NA,PASS,p.Gln28Ter,p.Gln28Ter,c.82C>T,stop_gained,lof_flag,1,147910,0.000006760868095463457,0,0,0,2024,0,0,0,15088,0,0,0,10620,0,0,0,912,0,0,0,4962,0,0,0,304,0,0,0,4790,0,0,0,3298,0,0,0,41118,0,0,1,64794,0,0
6,26204727,rs747179580,A,T,gnomAD Genomes,NA,PASS,p.Gln28Leu,p.Gln28Leu,c.83A>T,missense_variant,,1,147918,0.000006760502440541381,0,0,0,2022,0,0,0,15086,0,0,0,10618,0,0,0,912,0,0,0,4962,0,0,0,304,0,0,0,4790,0,0,0,3300,0,0,1,41130,0,0,0,64794,0,0
6,26204730,rs533676183,G,A,gnomAD Genomes,NA,PASS,p.Gly29Asp,p.Gly29Asp,c.86G>A,missense_variant,,1,147902,0.000006761233789941989,0,0,0,2022,0,0,0,15086,0,0,0,10624,0,0,0,912,0,0,0,4964,0,0,0,304,0,0,0,4786,0,0,0,3300,0,0,1,41106,0,0,0,64798,0,0
6,26204731,,C,T,gnomAD Genomes,NA,PASS,p.Gly29Gly,p.Gly29Gly,c.87C>T,synonymous_variant,,28,147920,0.00018929150892374257,0,0,1,2022,0,0,0,15086,0,0,0,10622,0,0,0,912,0,0,0,4964,0,0,0,304,0,0,0,4782,0,0,0,3300,0,0,27,41128,0,0,0,64800,0,0
6,26204737,rs1464537677,C,CT,gnomAD Genomes,NA,PASS,p.Lys32Ter,p.Lys32Ter,c.93_94insT,frameshift_variant,lof_flag,1,147826,0.000006764709861594036,0,0,0,2018,0,0,0,15082,0,0,0,10622,0,0,0,912,0,0,1,4960,0,0,0,304,0,0,0,4778,0,0,0,3300,0,0,0,41072,0,0,0,64778,0,0
6,26204740,,G,T,gnomAD Genomes,NA,PASS,p.Lys32Asn,p.Lys32Asn,c.96G>T,missense_variant,,1,147928,0.000006760045427505273,0,0,0,2014,0,0,0,15096,0,0,0,10618,0,0,0,910,0,0,0,4960,0,0,0,304,0,0,0,4790,0,0,0,3300,0,0,1,41130,0,0,0,64806,0,0
6,26204743,rs1206872712,T,TGCCA,gnomAD Genomes,NA,PASS,p.Ile35SerfsTer36,p.Ile35SerfsTer36,c.100_103dup,frameshift_variant,lof_flag,1,147902,0.000006761233789941989,0,0,0,2020,0,0,0,15094,0,0,0,10620,0,0,0,912,0,0,0,4964,0,0,0,304,0,0,0,4786,0,0,0,3300,0,0,1,41104,0,0,0,64798,0,0
6,26204746,rs774835775,C,T,gnomAD Genomes,NA,PASS,p.Ala34Ala,p.Ala34Ala,c.102C>T,synonymous_variant,,7,147888,0.00004733311695337012,0,0,0,2018,0,0,0,15092,0,0,0,10618,0,0,0,912,0,0,0,4960,0,0,0,304,0,0,0,4794,0,0,0,3300,0,0,3,41094,0,0,4,64796,0,0
6,26204749,,C,T,gnomAD Genomes,NA,PASS,p.Ile35Ile,p.Ile35Ile,c.105C>T,synonymous_variant,,5,147896,0.00003380754043381836,0,0,1,2022,0,0,0,15086,0,0,0,10606,0,0,0,912,0,0,1,4956,0,0,0,304,0,0,1,4792,0,0,0,3300,0,0,0,41120,0,0,2,64798,0,0
6,26204750,rs1386940288,CG,C,gnomAD Genomes,NA,PASS,p.Arg37AlafsTer23,p.Arg37AlafsTer23,c.108del,frameshift_variant,lof_flag,1,147904,0.000006761142362613587,0,0,0,2024,0,0,0,15088,0,0,0,10608,0,0,0,912,0,0,0,4960,0,0,0,304,0,0,0,4798,0,0,0,3300,0,0,1,41108,0,0,0,64802,0,0
6,26204752,,G,C,gnomAD Genomes,NA,PASS,p.Arg36Arg,p.Arg36Arg,c.108G>C,synonymous_variant,,2,147924,0.000013520456450609773,0,0,0,2022,0,0,0,15100,0,0,0,10606,0,0,0,912,0,0,0,4960,0,0,0,304,0,0,0,4790,0,0,0,3300,0,0,2,41126,0,0,0,64804,0,0
6,26204752,,G,A,gnomAD Genomes,NA,PASS,p.Arg36Arg,p.Arg36Arg,c.108G>A,synonymous_variant,,1,147924,0.0000067602282253048864,0,0,0,2022,0,0,0,15100,0,0,0,10606,0,0,0,912,0,0,0,4960,0,0,0,304,0,0,0,4790,0,0,0,3300,0,0,0,41126,0,0,1,64804,0,0
6,26204755,,C,T,gnomAD Genomes,NA,PASS,p.Arg37Arg,p.Arg37Arg,c.111C>T,synonymous_variant,,8,147892,0.00005409352770940957,0,0,0,2020,0,0,2,15086,0,0,0,10608,0,0,0,912,0,0,0,4960,0,0,0,304,0,0,1,4790,0,0,0,3298,0,0,5,41108,0,0,0,64806,0,0
6,26204756,rs1200255305,C,T,gnomAD Genomes,NA,PASS,p.Leu38Phe,p.Leu38Phe,c.112C>T,missense_variant,,1,147932,0.000006759862639591164,0,0,0,2024,0,0,0,15086,0,0,0,10614,0,0,0,912,0,0,0,4958,0,0,0,304,0,0,0,4800,0,0,0,3298,0,0,0,41124,0,0,1,64812,0,0
6,26204764,,T,C,gnomAD Genomes,NA,PASS,p.Arg40Arg,p.Arg40Arg,c.120T>C,synonymous_variant,,2,147910,0.000013521736190926915,0,0,0,2018,0,0,0,15096,0,0,0,10606,0,0,0,912,0,0,0,4960,0,0,0,304,0,0,0,4792,0,0,2,3300,0,0,0,41122,0,0,0,64800,0,0
6,26204767,rs1481679958,C,CG,gnomAD Genomes,NA,PASS,p.Val44CysfsTer26,p.Val44CysfsTer26,c.128dup,frameshift_variant,lof_flag,1,147872,0.000006762605496645747,0,0,0,2020,0,0,0,15094,0,0,0,10606,0,0,0,912,0,0,0,4958,0,0,0,304,0,0,0,4790,0,0,0,3300,0,0,0,41090,0,0,1,64798,0,0
6,26204773,rs1261610714,T,G,gnomAD Genomes,NA,PASS,p.Gly43Gly,p.Gly43Gly,c.129T>G,synonymous_variant,,1,147670,0.000006771856165775039,0,0,0,2022,0,0,0,15082,0,0,0,10566,0,0,0,912,0,0,0,4952,0,0,0,304,0,0,0,4770,0,0,0,3300,0,0,0,41014,0,0,1,64748,0,0
6,26204776,,C,A,gnomAD Genomes,NA,PASS,p.Val44Val,p.Val44Val,c.132C>A,synonymous_variant,,1,147884,0.000006762056747180222,0,0,0,2022,0,0,1,15078,0,0,0,10612,0,0,0,912,0,0,0,4960,0,0,0,304,0,0,0,4794,0,0,0,3300,0,0,0,41110,0,0,0,64792,0,0
6,26204776,,C,G,gnomAD Genomes,NA,PASS,p.Val44Val,p.Val44Val,c.132C>G,synonymous_variant,,2,147884,0.000013524113494360445,0,0,0,2022,0,0,0,15078,0,0,0,10612,0,0,0,912,0,0,0,4960,0,0,0,304,0,0,0,4794,0,0,0,3300,0,0,0,41110,0,0,2,64792,0,0
6,26204779,rs556825906,G,A,gnomAD Genomes,NA,PASS,p.Lys45Lys,p.Lys45Lys,c.135G>A,synonymous_variant,,1,147936,0.000006759679861561757,0,0,0,2020,0,0,0,15096,0,0,0,10626,0,0,0,912,0,0,0,4960,0,0,0,304,0,0,0,4800,0,0,0,3300,0,0,1,41126,0,0,0,64792,0,0
6,26204785,rs576613395,T,C,gnomAD Genomes,NA,PASS,p.Ile47Ile,p.Ile47Ile,c.141T>C,synonymous_variant,,5,147864,0.00003381485689552562,0,0,0,2020,0,0,0,15082,0,0,0,10606,0,0,0,910,0,0,0,4956,0,0,0,304,0,0,0,4792,0,0,0,3300,0,0,5,41110,0,0,0,64784,0,0
6,26204790,rs753794560,G,GC,gnomAD Genomes,NA,PASS,p.Leu50SerfsTer20,p.Leu50SerfsTer20,c.146_147insC,frameshift_variant,lof_flag,1,147910,0.000006760868095463457,0,0,0,2020,0,0,0,15090,0,0,0,10610,0,0,0,912,0,0,0,4960,0,0,0,304,0,0,0,4794,0,0,0,3298,0,0,1,41130,0,0,0,64792,0,0
6,26204794,,C,T,gnomAD Genomes,NA,PASS,p.Leu50Leu,p.Leu50Leu,c.150C>T,synonymous_variant,,2,147928,0.000013520090855010546,0,0,0,2020,0,0,0,15096,0,0,0,10614,0,0,0,912,0,0,0,4962,0,0,0,304,0,0,1,4798,0,0,0,3300,0,0,0,41120,0,0,1,64802,0,0
6,26204794,,C,A,gnomAD Genomes,NA,PASS,p.Leu50Leu,p.Leu50Leu,c.150C>A,synonymous_variant,,1,147928,0.000006760045427505273,0,0,0,2020,0,0,0,15096,0,0,0,10614,0,0,0,912,0,0,0,4962,0,0,0,304,0,0,0,4798,0,0,0,3300,0,0,0,41120,0,0,1,64802,0,0
6,26204800,,C,T,gnomAD Genomes,NA,PASS,p.Tyr52Tyr,p.Tyr52Tyr,c.156C>T,synonymous_variant,,93,147910,0.0006287607328781015,0,0,2,2022,0,0,0,15096,0,0,78,10614,0,0,0,912,0,0,2,4964,0,0,0,304,0,0,0,4800,0,0,0,3300,0,0,2,41094,0,0,9,64804,0,0
6,26204801,,G,T,gnomAD Genomes,NA,PASS,p.Glu53Ter,p.Glu53Ter,c.157G>T,stop_gained,lof_flag,1,147920,0.000006760411032990806,0,0,0,2020,0,0,0,15092,0,0,0,10614,0,0,0,912,0,0,0,4960,0,0,0,304,0,0,1,4792,0,0,0,3300,0,0,0,41126,0,0,0,64800,0,0
6,26204803,,G,C,gnomAD Genomes,NA,PASS,p.Glu53Asp,p.Glu53Asp,c.159G>C,missense_variant,,1,147902,0.000006761233789941989,0,0,0,2022,0,0,0,15088,0,0,0,10608,0,0,0,910,0,0,1,4962,0,0,0,304,0,0,0,4792,0,0,0,3300,0,0,0,41120,0,0,0,64796,0,0
6,26204803,rs1561985147,G,GGAGA,gnomAD Genomes,NA,PASS,p.Thr55ArgfsTer16,p.Thr55ArgfsTer16,c.160_163dup,frameshift_variant,lof_flag,2,147902,0.000013522467579883978,0,0,0,2022,0,0,0,15088,0,0,0,10608,0,0,0,910,0,0,0,4962,0,0,0,304,0,0,0,4792,0,0,0,3300,0,0,2,41120,0,0,0,64796,0,0
6,26204806,,G,T,gnomAD Genomes,NA,PASS,p.Glu54Asp,p.Glu54Asp,c.162G>T,missense_variant,,1,147920,0.000006760411032990806,0,0,0,2022,0,0,0,15096,0,0,0,10610,0,0,0,912,0,0,0,4962,0,0,0,304,0,0,0,4800,0,0,0,3300,0,0,0,41118,0,0,1,64796,0,0
6,26204810,,C,T,gnomAD Genomes,NA,PASS,p.Arg56Cys,p.Arg56Cys,c.166C>T,missense_variant,,1,147904,0.000006761142362613587,0,0,0,2020,0,0,0,15094,0,0,0,10618,0,0,0,912,0,0,0,4960,0,0,0,304,0,0,1,4798,0,0,0,3300,0,0,0,41100,0,0,0,64798,0,0
6,26204811,,G,C,gnomAD Genomes,NA,PASS,p.Arg56Pro,p.Arg56Pro,c.167G>C,missense_variant,,2,147918,0.000013521004881082763,0,0,0,2022,0,0,0,15090,0,0,0,10626,0,0,0,912,0,0,0,4960,0,0,0,304,0,0,0,4798,0,0,0,3300,0,0,0,41110,0,0,2,64796,0,0
6,26204811,,G,A,gnomAD Genomes,NA,PASS,p.Arg56His,p.Arg56His,c.167G>A,missense_variant,,1,147918,0.000006760502440541381,0,0,0,2022,0,0,0,15090,0,0,0,10626,0,0,0,912,0,0,0,4960,0,0,0,304,0,0,0,4798,0,0,0,3300,0,0,0,41110,0,0,1,64796,0,0
6,26204812,,C,T,gnomAD Genomes,NA,PASS,p.Arg56Arg,p.Arg56Arg,c.168C>T,synonymous_variant,,1,147876,0.000006762422570261571,0,0,0,2024,0,0,0,15070,0,0,0,10608,0,0,0,912,0,0,0,4952,0,0,0,304,0,0,0,4796,0,0,0,3300,0,0,0,41114,0,0,1,64796,0,0
6,26204819,rs775041888,C,T,gnomAD Genomes,NA,PASS,p.Leu59Leu,p.Leu59Leu,c.175C>T,synonymous_variant,,2,147880,0.00001352447930754666,0,0,1,2022,0,0,0,15076,0,0,0,10612,0,0,0,912,0,0,0,4952,0,0,0,304,0,0,0,4796,0,0,0,3300,0,0,0,41108,0,0,1,64798,0,0
6,26204819,,C,G,gnomAD Genomes,NA,PASS,p.Leu59Val,p.Leu59Val,c.175C>G,missense_variant,,1,147880,0.00000676223965377333,0,0,0,2022,0,0,0,15076,0,0,0,10612,0,0,0,912,0,0,0,4952,0,0,0,304,0,0,1,4796,0,0,0,3300,0,0,0,41108,0,0,0,64798,0,0
6,26204820,rs374281617,T,C,gnomAD Genomes,NA,PASS,p.Leu59Pro,p.Leu59Pro,c.176T>C,missense_variant,,1,147912,0.0000067607766780247715,0,0,0,2022,0,0,0,15090,0,0,0,10614,0,0,0,912,0,0,0,4960,0,0,0,304,0,0,0,4798,0,0,0,3300,0,0,0,41118,0,0,1,64794,0,0
6,26204824,rs61910695,G,A,gnomAD Genomes,NA,PASS,p.Lys60Lys,p.Lys60Lys,c.180G>A,synonymous_variant,,8386,147830,0.056727321923831425,276,0,137,2016,3,0,1000,15076,44,0,452,10610,12,0,8,912,0,0,292,4944,10,0,26,304,0,0,429,4792,23,0,116,3298,3,0,2733,41088,90,0,3193,64790,91,0
6,26204830,rs751466377,T,C,gnomAD Genomes,NA,PASS,p.Phe62Phe,p.Phe62Phe,c.186T>C,synonymous_variant,,1,147914,0.000006760685263058264,0,0,0,2018,0,0,0,15098,0,0,0,10616,0,0,0,912,0,0,0,4952,0,0,0,304,0,0,0,4802,0,0,0,3300,0,0,1,41108,0,0,0,64804,0,0
6,26204831,rs75682828,C,T,gnomAD Genomes,NA,PASS,p.Leu63Leu,p.Leu63Leu,c.187C>T,synonymous_variant,,437,147890,0.0029548989113530326,2,0,15,2016,0,0,76,15088,0,0,1,10612,0,0,0,910,0,0,0,4956,0,0,8,304,0,0,102,4790,2,0,12,3300,0,0,30,41116,0,0,193,64798,0,0
6,26204832,rs778898232,TG,T,gnomAD Genomes,NA,PASS,p.Glu64LysfsTer3,p.Glu64LysfsTer3,c.190del,frameshift_variant,lof_flag,1,147930,0.00000675995403231258,0,0,0,2016,0,0,0,15092,0,0,0,10614,0,0,0,912,0,0,1,4956,0,0,0,304,0,0,0,4800,0,0,0,3300,0,0,0,41130,0,0,0,64806,0,0
6,26204833,,G,A,gnomAD Genomes,NA,PASS,p.Leu63Leu,p.Leu63Leu,c.189G>A,synonymous_variant,,1,147920,0.000006760411032990806,0,0,0,2022,0,0,0,15092,0,0,0,10616,0,0,0,912,0,0,0,4952,0,0,0,304,0,0,1,4800,0,0,0,3300,0,0,0,41118,0,0,0,64804,0,0
6,26204833,,G,T,gnomAD Genomes,NA,PASS,p.Leu63Leu,p.Leu63Leu,c.189G>T,synonymous_variant,,1,147920,0.000006760411032990806,0,0,0,2022,0,0,1,15092,0,0,0,10616,0,0,0,912,0,0,0,4952,0,0,0,304,0,0,0,4800,0,0,0,3300,0,0,0,41118,0,0,0,64804,0,0
6,26204839,rs971784692,C,T,gnomAD Genomes,NA,PASS,p.Asn65Asn,p.Asn65Asn,c.195C>T,synonymous_variant,,5,147904,0.00003380571181306793,0,0,0,2018,0,0,0,15082,0,0,0,10610,0,0,0,912,0,0,0,4956,0,0,0,304,0,0,0,4800,0,0,0,3302,0,0,0,41114,0,0,5,64806,0,0
6,26204842,rs145407769,G,C,gnomAD Genomes,NA,PASS,p.Val66Val,p.Val66Val,c.198G>C,synonymous_variant,,41,147932,0.0002771543682232377,0,0,0,2020,0,0,1,15090,0,0,1,10612,0,0,0,912,0,0,0,4960,0,0,0,304,0,0,1,4798,0,0,0,3300,0,0,5,41126,0,0,33,64810,0,0
6,26204843,rs752798544,A,AT,gnomAD Genomes,NA,PASS,p.Arg68SerfsTer2,p.Arg68SerfsTer2,c.201dup,frameshift_variant,lof_flag,5,147918,0.000033802512202706904,0,0,0,2022,0,0,5,15080,0,0,0,10618,0,0,0,912,0,0,0,4956,0,0,0,304,0,0,0,4802,0,0,0,3300,0,0,0,41120,0,0,0,64804,0,0
6,26204844,rs141333633,T,C,gnomAD Genomes,NA,PASS,p.Ile67Thr,p.Ile67Thr,c.200T>C,missense_variant,,7,147906,0.00004732735656430436,0,0,0,2022,0,0,0,15070,0,0,0,10618,0,0,0,912,0,0,0,4956,0,0,0,304,0,0,0,4796,0,0,0,3302,0,0,7,41124,0,0,0,64802,0,0
6,26204848,rs1241957333,T,G,gnomAD Genomes,NA,PASS,p.Arg68Arg,p.Arg68Arg,c.204T>G,synonymous_variant,,1,147910,0.000006760868095463457,0,0,0,2022,0,0,0,15092,0,0,0,10604,0,0,0,912,0,0,0,4962,0,0,0,304,0,0,0,4794,0,0,0,3302,0,0,1,41112,0,0,0,64806,0,0
6,26204853,,C,T,gnomAD Genomes,NA,PASS,p.Ala70Val,p.Ala70Val,c.209C>T,missense_variant,,2,147938,0.000013519176952507132,0,0,0,2024,0,0,0,15092,0,0,0,10622,0,0,0,912,0,0,0,4958,0,0,0,304,0,0,0,4802,0,0,0,3300,0,0,1,41126,0,0,1,64798,0,0
6,26204854,rs145116190,T,C,gnomAD Genomes,NA,PASS,p.Ala70Ala,p.Ala70Ala,c.210T>C,synonymous_variant,,8,147942,0.00005407524570439767,0,0,0,2022,0,0,0,15086,0,0,0,10626,0,0,0,912,0,0,1,4958,0,0,0,304,0,0,0,4800,0,0,0,3302,0,0,0,41126,0,0,7,64806,0,0
6,26204863,,C,A,gnomAD Genomes,NA,PASS,p.Tyr73Ter,p.Tyr73Ter,c.219C>A,stop_gained,lof_flag,1,147924,0.0000067602282253048864,0,0,0,2022,0,0,0,15084,0,0,0,10620,0,0,0,912,0,0,0,4964,0,0,0,304,0,0,0,4802,0,0,0,3300,0,0,0,41112,0,0,1,64804,0,0
6,26204866,rs776543859,G,A,gnomAD Genomes,NA,PASS,p.Thr74Thr,p.Thr74Thr,c.222G>A,synonymous_variant,,9,147902,0.0000608511041094779,0,0,0,2022,0,0,2,15092,0,0,0,10618,0,0,0,912,0,0,0,4960,0,0,0,304,0,0,0,4798,0,0,0,3300,0,0,3,41088,0,0,4,64808,0,0
6,26204869,,G,C,gnomAD Genomes,NA,PASS,p.Glu75Asp,p.Glu75Asp,c.225G>C,missense_variant,,2,147940,0.000013518994186832499,0,0,0,2020,0,0,0,15092,0,0,0,10618,0,0,0,912,0,0,0,4964,0,0,0,304,0,0,0,4806,0,0,0,3300,0,0,2,41116,0,0,0,64808,0,0
6,26204872,rs201303017,C,T,gnomAD Genomes,NA,PASS,p.His76His,p.His76His,c.228C>T,synonymous_variant,,11,147884,0.00007438262421898245,0,0,0,2024,0,0,3,15084,0,0,0,10602,0,0,0,912,0,0,4,4958,0,0,0,304,0,0,0,4800,0,0,0,3302,0,0,0,41096,0,0,4,64802,0,0
6,26204875,,C,A,gnomAD Genomes,NA,PASS,p.Ala77Ala,p.Ala77Ala,c.231C>A,synonymous_variant,,2,147934,0.000013519542498681845,0,0,0,2024,0,0,0,15090,0,0,0,10616,0,0,0,912,0,0,0,4964,0,0,0,304,0,0,0,4802,0,0,0,3302,0,0,1,41110,0,0,1,64810,0,0
6,26204875,,C,T,gnomAD Genomes,NA,PASS,p.Ala77Ala,p.Ala77Ala,c.231C>T,synonymous_variant,,1,147934,0.0000067597712493409226,0,0,0,2024,0,0,0,15090,0,0,0,10616,0,0,0,912,0,0,0,4964,0,0,0,304,0,0,0,4802,0,0,0,3302,0,0,0,41110,0,0,1,64810,0,0
6,26204879,rs1352771887,C,T,gnomAD Genomes,NA,PASS,p.Arg79Cys,p.Arg79Cys,c.235C>T,missense_variant,,3,147916,0.0000202817815516915,0,0,0,2024,0,0,0,15080,0,0,0,10616,0,0,0,910,0,0,0,4962,0,0,0,304,0,0,1,4800,0,0,0,3302,0,0,1,41116,0,0,1,64802,0,0
6,26204880,rs745509791,G,A,gnomAD Genomes,NA,PASS,p.Arg79His,p.Arg79His,c.236G>A,missense_variant,,1,147912,0.0000067607766780247715,0,0,0,2022,0,0,1,15088,0,0,0,10612,0,0,0,912,0,0,0,4966,0,0,0,304,0,0,0,4796,0,0,0,3302,0,0,0,41112,0,0,0,64798,0,0
6,26204882,rs1222985801,AAGACAGTGACAGCGATGGATGTGGTCTACGCGCTGAAG,A,gnomAD Genomes,NA,PASS,p.Val82GlyfsTer43,p.Val82GlyfsTer43,c.245_282del,frameshift_variant,lof_flag,3,147924,0.00002028068467591466,0,0,0,2024,0,0,0,15096,0,0,0,10606,0,0,0,912,0,0,0,4958,0,0,0,304,0,0,0,4792,0,0,0,3302,0,0,0,41124,0,0,3,64806,0,0
6,26204884,rs898946403,G,A,gnomAD Genomes,NA,PASS,p.Lys80Lys,p.Lys80Lys,c.240G>A,synonymous_variant,,2,147940,0.000013518994186832499,0,0,0,2020,0,0,0,15094,0,0,0,10622,0,0,0,912,0,0,0,4964,0,0,0,304,0,0,0,4802,0,0,0,3302,0,0,2,41116,0,0,0,64804,0,0
6,26204887,rs769506786,A,G,gnomAD Genomes,NA,PASS,p.Thr81Thr,p.Thr81Thr,c.243A>G,synonymous_variant,,1,147952,0.000006758948848275116,0,0,0,2024,0,0,0,15088,0,0,0,10628,0,0,0,912,0,0,0,4964,0,0,0,304,0,0,0,4802,0,0,0,3302,0,0,0,41130,0,0,1,64798,0,0
6,26204889,rs540410900,T,C,gnomAD Genomes,NA,PASS,p.Val82Ala,p.Val82Ala,c.245T>C,missense_variant,,1,147908,0.0000067609595153744215,0,0,0,2020,0,0,0,15088,0,0,0,10618,0,0,0,912,0,0,0,4956,0,0,0,304,0,0,0,4796,0,0,0,3300,0,0,0,41114,0,0,1,64800,0,0
6,26204890,,G,A,gnomAD Genomes,NA,PASS,p.Val82Val,p.Val82Val,c.246G>A,synonymous_variant,,1,147942,0.000006759405713049709,0,0,0,2024,0,0,0,15090,0,0,0,10622,0,0,0,910,0,0,0,4964,0,0,0,304,0,0,0,4798,0,0,0,3302,0,0,0,41126,0,0,1,64802,0,0
6,26204896,,G,T,gnomAD Genomes,NA,PASS,p.Ala84Ala,p.Ala84Ala,c.252G>T,synonymous_variant,,3,147948,0.000020277394760321195,0,0,0,2022,0,0,0,15090,0,0,0,10620,0,0,0,912,0,0,0,4960,0,0,0,304,0,0,0,4806,0,0,0,3302,0,0,1,41128,0,0,2,64804,0,0
6,26204896,,G,A,gnomAD Genomes,NA,PASS,p.Ala84Ala,p.Ala84Ala,c.252G>A,synonymous_variant,,1,147948,0.000006759131586773731,0,0,0,2022,0,0,0,15090,0,0,0,10620,0,0,0,912,0,0,0,4960,0,0,0,304,0,0,0,4806,0,0,0,3302,0,0,0,41128,0,0,1,64804,0,0
6,26204901,,A,G,gnomAD Genomes,NA,PASS,p.Asp86Gly,p.Asp86Gly,c.257A>G,missense_variant,,1,147826,0.000006764709861594036,0,0,0,2020,0,0,0,15086,0,0,0,10612,0,0,0,910,0,0,0,4940,0,0,0,304,0,0,0,4786,0,0,0,3302,0,0,0,41092,0,0,1,64774,0,0
6,26204902,rs200638273,T,C,gnomAD Genomes,NA,PASS,p.Asp86Asp,p.Asp86Asp,c.258T>C,synonymous_variant,,15,147882,0.00010143222298859902,0,0,0,2022,0,0,0,15086,0,0,1,10614,0,0,0,910,0,0,0,4948,0,0,0,304,0,0,1,4800,0,0,0,3302,0,0,1,41098,0,0,12,64798,0,0
6,26204904,rs372986731,T,C,gnomAD Genomes,NA,PASS,p.Val87Ala,p.Val87Ala,c.260T>C,missense_variant,,1,147906,0.000006761050937757765,0,0,0,2022,0,0,0,15088,0,0,0,10622,0,0,0,910,0,0,0,4950,0,0,0,304,0,0,0,4806,0,0,0,3298,0,0,0,41112,0,0,1,64794,0,0
6,26204905,rs1265520464,G,A,gnomAD Genomes,NA,PASS,p.Val87Val,p.Val87Val,c.261G>A,synonymous_variant,,1,147898,0.0000067614166520169305,0,0,0,2018,0,0,0,15090,0,0,0,10610,0,0,0,910,0,0,0,4950,0,0,0,304,0,0,0,4804,0,0,0,3302,0,0,0,41106,0,0,1,64804,0,0
6,26204906,rs1052421450,GT,G,gnomAD Genomes,NA,PASS,p.Val88AlafsTer4,p.Val88AlafsTer4,c.263del,frameshift_variant,lof_flag,6,147942,0.000040556434278298255,0,0,1,2020,0,0,5,15090,0,0,0,10626,0,0,0,910,0,0,0,4958,0,0,0,304,0,0,0,4804,0,0,0,3302,0,0,0,41132,0,0,0,64796,0,0
6,26204907,rs1439080754,TC,T,gnomAD Genomes,NA,PASS,p.Tyr89ThrfsTer3,p.Tyr89ThrfsTer3,c.264del,frameshift_variant,lof_flag,1,147902,0.000006761233789941989,0,0,0,2022,0,0,0,15076,0,0,0,10612,0,0,0,910,0,0,0,4952,0,0,0,304,0,0,0,4804,0,0,0,3302,0,0,0,41130,0,0,1,64790,0,0
6,26204908,,C,A,gnomAD Genomes,NA,PASS,p.Val88Val,p.Val88Val,c.264C>A,synonymous_variant,,1,147894,0.000006761599523983393,0,0,0,2020,0,0,0,15076,0,0,0,10622,0,0,0,910,0,0,0,4956,0,0,0,304,0,0,0,4804,0,0,0,3300,0,0,1,41106,0,0,0,64796,0,0
6,26204911,,C,T,gnomAD Genomes,NA,PASS,p.Tyr89Tyr,p.Tyr89Tyr,c.267C>T,synonymous_variant,,2,147906,0.00001352210187551553,0,0,0,2020,0,0,0,15094,0,0,0,10614,0,0,0,910,0,0,0,4946,0,0,0,304,0,0,0,4802,0,0,0,3302,0,0,2,41114,0,0,0,64800,0,0
6,26204911,,C,A,gnomAD Genomes,NA,PASS,p.Tyr89Ter,p.Tyr89Ter,c.267C>A,stop_gained,lof_flag,5,147906,0.00003380525468878882,0,0,0,2020,0,0,0,15094,0,0,0,10614,0,0,0,910,0,0,0,4946,0,0,0,304,0,0,0,4802,0,0,0,3302,0,0,0,41114,0,0,5,64800,0,0
6,26204911,,C,G,gnomAD Genomes,NA,PASS,p.Tyr89Ter,p.Tyr89Ter,c.267C>G,stop_gained,lof_flag,1,147906,0.000006761050937757765,0,0,0,2020,0,0,1,15094,0,0,0,10614,0,0,0,910,0,0,0,4946,0,0,0,304,0,0,0,4802,0,0,0,3302,0,0,0,41114,0,0,0,64800,0,0
6,26204914,,G,T,gnomAD Genomes,NA,PASS,p.Ala90Ala,p.Ala90Ala,c.270G>T,synonymous_variant,,2,147918,0.000013521004881082763,0,0,0,2024,0,0,0,15096,0,0,0,10614,0,0,0,910,0,0,0,4948,0,0,0,304,0,0,0,4800,0,0,0,3302,0,0,0,41120,0,0,2,64800,0,0
6,26204917,,G,A,gnomAD Genomes,NA,PASS,p.Leu91Leu,p.Leu91Leu,c.273G>A,synonymous_variant,,5,147920,0.00003380205516495403,0,0,0,2024,0,0,0,15090,0,0,0,10614,0,0,0,910,0,0,1,4954,0,0,0,304,0,0,0,4800,0,0,0,3302,0,0,4,41110,0,0,0,64812,0,0
6,26204917,,G,C,gnomAD Genomes,NA,PASS,p.Leu91Leu,p.Leu91Leu,c.273G>C,synonymous_variant,,1,147920,0.000006760411032990806,0,0,0,2024,0,0,0,15090,0,0,0,10614,0,0,0,910,0,0,0,4954,0,0,0,304,0,0,0,4800,0,0,0,3302,0,0,0,41110,0,0,1,64812,0,0
6,26204922,,GA,G,gnomAD Genomes,NA,PASS,p.Arg93SerfsTer16,p.Arg93SerfsTer16,c.279del,frameshift_variant,lof_flag,1,147942,0.000006759405713049709,0,0,0,2024,0,0,0,15086,0,0,0,10626,0,0,0,910,0,0,0,4958,0,0,0,304,0,0,1,4800,0,0,0,3302,0,0,0,41120,0,0,0,64812,0,0
6,26204922,rs745720257,GAC,G,gnomAD Genomes,NA,PASS,p.Gln94GlyfsTer43,p.Gln94GlyfsTer43,c.280_281del,frameshift_variant,lof_flag,2,147942,0.000013518811426099418,0,0,0,2024,0,0,0,15086,0,0,0,10626,0,0,0,910,0,0,0,4958,0,0,0,304,0,0,0,4800,0,0,0,3302,0,0,0,41120,0,0,2,64812,0,0
6,26204922,rs755041622,G,A,gnomAD Genomes,NA,PASS,p.Arg93Lys,p.Arg93Lys,c.278G>A,missense_variant,,2,147942,0.000013518811426099418,0,0,0,2024,0,0,0,15086,0,0,0,10626,0,0,0,910,0,0,0,4958,0,0,0,304,0,0,0,4800,0,0,0,3302,0,0,0,41120,0,0,2,64812,0,0
6,26204926,,G,A,gnomAD Genomes,NA,PASS,p.Gln94Gln,p.Gln94Gln,c.282G>A,synonymous_variant,,1,147948,0.000006759131586773731,0,0,0,2022,0,0,0,15096,0,0,0,10630,0,0,0,910,0,0,0,4954,0,0,0,304,0,0,0,4796,0,0,0,3300,0,0,1,41124,0,0,0,64812,0,0
6,26204929,rs778896467,A,G,gnomAD Genomes,NA,PASS,p.Gly95Gly,p.Gly95Gly,c.285A>G,synonymous_variant,,5,147906,0.00003380525468878882,0,0,0,2016,0,0,0,15092,0,0,0,10616,0,0,0,910,0,0,0,4950,0,0,0,304,0,0,0,4792,0,0,0,3302,0,0,0,41114,0,0,5,64810,0,0
6,26204932,rs760134263,C,T,gnomAD Genomes,NA,PASS,p.Arg96Arg,p.Arg96Arg,c.288C>T,synonymous_variant,,1,147932,0.000006759862639591164,0,0,0,2022,0,0,1,15096,0,0,0,10620,0,0,0,910,0,0,0,4956,0,0,0,304,0,0,0,4796,0,0,0,3302,0,0,0,41116,0,0,0,64810,0,0
6,26204933,,A,T,gnomAD Genomes,NA,PASS,p.Thr97Ser,p.Thr97Ser,c.289A>T,missense_variant,,1,147838,0.000006764160770573195,0,0,0,2016,0,0,0,15078,0,0,0,10590,0,0,0,910,0,0,0,4952,0,0,0,304,0,0,0,4796,0,0,0,3300,0,0,1,41082,0,0,0,64810,0,0
6,26204936,rs775447148,CTT,C,gnomAD Genomes,NA,PASS,p.Tyr99ArgfsTer38,p.Tyr99ArgfsTer38,c.294_295del,frameshift_variant,lof_flag,49,147948,0.00033119744775191284,0,0,3,2024,0,0,10,15096,0,0,0,10620,0,0,0,910,0,0,0,4956,0,0,0,304,0,0,0,4796,0,0,23,3302,0,0,4,41122,0,0,9,64818,0,0
6,26204941,rs143023780,C,T,gnomAD Genomes,NA,PASS,p.Tyr99Tyr,p.Tyr99Tyr,c.297C>T,synonymous_variant,,15,147970,0.00010137189970940056,0,0,0,2022,0,0,0,15100,0,0,0,10616,0,0,0,910,0,0,0,4958,0,0,0,304,0,0,0,4798,0,0,0,3300,0,0,5,41152,0,0,10,64810,0,0
6,26204947,rs747311387,C,T,gnomAD Genomes,NA,PASS,p.Phe101Phe,p.Phe101Phe,c.303C>T,synonymous_variant,,9,147918,0.00006084452196487243,0,0,1,2018,0,0,2,15098,0,0,0,10608,0,0,0,910,0,0,1,4952,0,0,0,304,0,0,0,4796,0,0,0,3302,0,0,1,41126,0,0,4,64804,0,0
6,26204949,rs1413613785,G,T,gnomAD Genomes,NA,PASS,p.Gly102Val,p.Gly102Val,c.305G>T,missense_variant,,1,147932,0.000006759862639591164,0,0,0,2020,0,0,0,15092,0,0,0,10614,0,0,0,910,0,0,0,4956,0,0,0,304,0,0,0,4792,0,0,0,3302,0,0,0,41132,0,0,1,64810,0,0
6,26204950,,C,T,gnomAD Genomes,NA,PASS,p.Gly102Gly,p.Gly102Gly,c.306C>T,synonymous_variant,,24,147938,0.00016223012343008557,0,0,1,2022,0,0,0,15098,0,0,0,10610,0,0,0,910,0,0,18,4952,0,0,0,304,0,0,1,4796,0,0,0,3302,0,0,0,41140,0,0,4,64804,0,0
6,26204950,,C,A,gnomAD Genomes,NA,PASS,p.Gly102Gly,p.Gly102Gly,c.306C>A,synonymous_variant,,1383,147934,0.009348763637838495,16,0,15,2022,0,0,42,15098,0,0,427,10606,7,0,0,910,0,0,3,4954,0,0,1,304,0,0,7,4796,0,0,10,3302,0,0,68,41140,0,0,810,64802,9,0
6,26204953,,C,T,gnomAD Genomes,NA,PASS,p.Gly103Gly,p.Gly103Gly,c.309C>T,synonymous_variant,,1,147948,0.000006759131586773731,0,0,0,2024,0,0,0,15096,0,0,0,10610,0,0,0,910,0,0,0,4954,0,0,0,304,0,0,0,4788,0,0,0,3300,0,0,1,41150,0,0,0,64812,0,0
6,26204954,,T,C,gnomAD Genomes,NA,PASS,p.Ter104GlnextTer30,p.Ter104GlnextTer30,c.310T>C,stop_lost,,4,147982,0.00002703031449770918,0,0,0,2024,0,0,3,15102,0,0,0,10622,0,0,0,910,0,0,0,4958,0,0,0,304,0,0,0,4792,0,0,0,3302,0,0,1,41148,0,0,0,64820,0,0
6,26204955,,A,G,gnomAD Genomes,NA,PASS,p.Ter104Ter,p.Ter104Ter,c.311A>G,stop_retained_variant,,1,147914,0.000006760685263058264,0,0,0,2020,0,0,0,15090,0,0,0,10610,0,0,0,912,0,0,0,4948,0,0,0,302,0,0,0,4794,0,0,0,3302,0,0,1,41132,0,0,0,64804,0,0
6,26204958,,G,C,gnomAD Genomes,NA,PASS,c.*2G>C,,c.*2G>C,3_prime_UTR_variant,,5,147926,0.000033800684125846707,0,0,0,2022,0,0,0,15096,0,0,0,10610,0,0,0,912,0,0,0,4956,0,0,1,304,0,0,0,4788,0,0,0,3302,0,0,1,41128,0,0,3,64808,0,0
6,26204958,,G,A,gnomAD Genomes,NA,PASS,c.*2G>A,,c.*2G>A,3_prime_UTR_variant,,2,147926,0.000013520273650338683,0,0,0,2022,0,0,0,15096,0,0,0,10610,0,0,0,912,0,0,0,4956,0,0,0,304,0,0,0,4788,0,0,0,3302,0,0,1,41128,0,0,1,64808,0,0
6,26204959,,C,G,gnomAD Genomes,NA,PASS,c.*3C>G,,c.*3C>G,3_prime_UTR_variant,,1,147944,0.000006759314335153842,0,0,0,2024,0,0,0,15100,0,0,0,10614,0,0,0,912,0,0,0,4958,0,0,0,304,0,0,0,4794,0,0,0,3302,0,0,0,41126,0,0,1,64810,0,0
6,26204959,,C,T,gnomAD Genomes,NA,PASS,c.*3C>T,,c.*3C>T,3_prime_UTR_variant,,1,147944,0.000006759314335153842,0,0,0,2024,0,0,0,15100,0,0,0,10614,0,0,0,912,0,0,0,4958,0,0,0,304,0,0,0,4794,0,0,0,3302,0,0,0,41126,0,0,1,64810,0,0
6,26204960,,T,C,gnomAD Genomes,NA,PASS,c.*4T>C,,c.*4T>C,3_prime_UTR_variant,,5,147964,0.000033792003460301155,0,0,0,2024,0,0,0,15100,0,0,0,10612,0,0,0,912,0,0,0,4954,0,0,0,304,0,0,0,4792,0,0,0,3302,0,0,0,41150,0,0,5,64814,0,0
6,26204960,,T,A,gnomAD Genomes,NA,PASS,c.*4T>A,,c.*4T>A,3_prime_UTR_variant,,1,147964,0.000006758400692060231,0,0,0,2024,0,0,0,15100,0,0,1,10612,0,0,0,912,0,0,0,4954,0,0,0,304,0,0,0,4792,0,0,0,3302,0,0,0,41150,0,0,0,64814,0,0
6,26204962,,C,G,gnomAD Genomes,NA,PASS,c.*6C>G,,c.*6C>G,3_prime_UTR_variant,,1,147946,0.0000067592229597285495,0,0,0,2020,0,0,0,15100,0,0,0,10618,0,0,0,910,0,0,0,4956,0,0,0,304,0,0,0,4790,0,0,0,3302,0,0,0,41138,0,0,1,64808,0,0
6,26204962,,C,T,gnomAD Genomes,NA,PASS,c.*6C>T,,c.*6C>T,3_prime_UTR_variant,,5,147946,0.000033796114798642746,0,0,0,2020,0,0,0,15100,0,0,0,10618,0,0,0,910,0,0,0,4956,0,0,0,304,0,0,0,4790,0,0,0,3302,0,0,5,41138,0,0,0,64808,0,0
6,26204963,,C,T,gnomAD Genomes,NA,PASS,c.*7C>T,,c.*7C>T,3_prime_UTR_variant,,15,147936,0.00010139519792342635,0,0,0,2024,0,0,1,15088,0,0,0,10614,0,0,0,912,0,0,0,4958,0,0,0,304,0,0,0,4786,0,0,0,3300,0,0,3,41142,0,0,11,64808,0,0
6,26204963,,C,G,gnomAD Genomes,NA,PASS,c.*7C>G,,c.*7C>G,3_prime_UTR_variant,,2,147936,0.000013519359723123514,0,0,1,2024,0,0,0,15088,0,0,0,10614,0,0,0,912,0,0,0,4958,0,0,0,304,0,0,0,4786,0,0,0,3300,0,0,1,41142,0,0,0,64808,0,0
6,26204964,rs1350196393,G,A,gnomAD Genomes,NA,PASS,c.*8G>A,,c.*8G>A,3_prime_UTR_variant,,1,147940,0.0000067594970934162495,0,0,0,2020,0,0,0,15098,0,0,0,10612,0,0,0,912,0,0,0,4956,0,0,0,304,0,0,0,4792,0,0,0,3302,0,0,1,41128,0,0,0,64816,0,0
6,26204965,,C,T,gnomAD Genomes,NA,PASS,c.*9C>T,,c.*9C>T,3_prime_UTR_variant,,1,147966,0.000006758309341335172,0,0,0,2022,0,0,1,15098,0,0,0,10626,0,0,0,912,0,0,0,4958,0,0,0,304,0,0,0,4788,0,0,0,3302,0,0,0,41142,0,0,0,64814,0,0
6,26204966,rs570412994,T,A,gnomAD Genomes,NA,PASS,c.*10T>A,,c.*10T>A,3_prime_UTR_variant,,1,147960,0.000006758583400919167,0,0,0,2022,0,0,0,15100,0,0,0,10624,0,0,0,912,0,0,0,4962,0,0,0,304,0,0,0,4798,0,0,0,3302,0,0,0,41132,0,0,1,64804,0,0
6,26204971,,C,A,gnomAD Genomes,NA,PASS,c.*15C>A,,c.*15C>A,3_prime_UTR_variant,,2,147944,0.000013518628670307684,0,0,1,2022,0,0,1,15096,0,0,0,10624,0,0,0,912,0,0,0,4960,0,0,0,304,0,0,0,4790,0,0,0,3302,0,0,0,41128,0,0,0,64806,0,0
6,26204973,,A,T,gnomAD Genomes,NA,PASS,c.*17A>T,,c.*17A>T,3_prime_UTR_variant,,1,147796,0.000006766082979241657,0,0,0,2022,0,0,1,15084,0,0,0,10590,0,0,0,912,0,0,0,4948,0,0,0,304,0,0,0,4788,0,0,0,3302,0,0,0,41072,0,0,0,64774,0,0
6,26204974,,C,T,gnomAD Genomes,NA,PASS,c.*18C>T,,c.*18C>T,3_prime_UTR_variant,,5,147958,0.000033793373795266224,0,0,0,2022,0,0,0,15100,0,0,0,10618,0,0,0,912,0,0,0,4956,0,0,0,304,0,0,0,4798,0,0,0,3302,0,0,3,41134,0,0,2,64812,0,0
6,26204976,,C,T,gnomAD Genomes,NA,PASS,c.*20C>T,,c.*20C>T,3_prime_UTR_variant,,114,147950,0.0007705305846569787,1,0,0,2024,0,0,2,15104,0,0,0,10624,0,0,0,912,0,0,99,4950,1,0,0,304,0,0,10,4794,0,0,0,3302,0,0,0,41124,0,0,3,64812,0,0
6,26204978,rs1290751967,G,C,gnomAD Genomes,NA,PASS,c.*22G>C,,c.*22G>C,3_prime_UTR_variant,,1,147934,0.0000067597712493409226,0,0,0,2022,0,0,0,15092,0,0,0,10614,0,0,0,910,0,0,0,4954,0,0,0,304,0,0,0,4794,0,0,0,3302,0,0,0,41128,0,0,1,64814,0,0
6,26204980,rs550077272,A,G,gnomAD Genomes,NA,PASS,c.*24A>G,,c.*24A>G,3_prime_UTR_variant,,8,147968,0.00005406574394463668,0,0,0,2022,0,0,1,15098,0,0,0,10618,0,0,0,912,0,0,0,4956,0,0,0,304,0,0,7,4794,0,0,0,3302,0,0,0,41148,0,0,0,64814,0,0
6,26204981,,T,A,gnomAD Genomes,NA,PASS,c.*25T>A,,c.*25T>A,3_prime_UTR_variant,,1619,147914,0.01094554944089133,9,0,10,2022,0,0,73,15096,0,0,289,10608,1,0,0,912,0,0,0,4956,0,0,0,304,0,0,2,4792,0,0,9,3300,0,0,102,41114,0,0,1134,64810,8,0
6,26204981,,T,C,gnomAD Genomes,NA,PASS,c.*25T>C,,c.*25T>C,3_prime_UTR_variant,,5,147916,0.000033802969252819165,0,0,1,2022,0,0,2,15096,0,0,0,10608,0,0,0,912,0,0,0,4956,0,0,0,304,0,0,0,4792,0,0,0,3300,0,0,1,41114,0,0,1,64812,0,0
6,26204985,,G,A,gnomAD Genomes,NA,PASS,c.*29G>A,,c.*29G>A,3_prime_UTR_variant,,1,147900,0.00000676132521974307,0,0,0,2022,0,0,0,15088,0,0,0,10604,0,0,0,912,0,0,0,4954,0,0,0,304,0,0,0,4796,0,0,0,3302,0,0,0,41114,0,0,1,64804,0,0
6,26204985,,G,C,gnomAD Genomes,NA,PASS,c.*29G>C,,c.*29G>C,3_prime_UTR_variant,,7,147900,0.000047329276538201484,0,0,0,2022,0,0,0,15088,0,0,0,10604,0,0,0,912,0,0,0,4954,0,0,0,304,0,0,0,4796,0,0,0,3302,0,0,1,41114,0,0,6,64804,0,0
6,26204986,rs181186674,A,G,gnomAD Genomes,NA,PASS,c.*30A>G,,c.*30A>G,3_prime_UTR_variant,,3,147854,0.00002029028636357488,0,0,0,2024,0,0,0,15092,0,0,0,10592,0,0,0,912,0,0,0,4940,0,0,0,304,0,0,0,4788,0,0,0,3300,0,0,0,41108,0,0,3,64794,0,0
6,26204989,rs1263716535,T,C,gnomAD Genomes,NA,PASS,c.*33T>C,,c.*33T>C,3_prime_UTR_variant,,5,147918,0.000033802512202706904,0,0,0,2020,0,0,0,15092,0,0,0,10618,0,0,0,912,0,0,0,4950,0,0,0,304,0,0,0,4796,0,0,0,3302,0,0,0,41118,0,0,5,64806,0,0
6,26204990,,C,T,gnomAD Genomes,NA,PASS,c.*34C>T,,c.*34C>T,3_prime_UTR_variant,,2,147942,0.000013518811426099418,0,0,0,2022,0,0,0,15096,0,0,0,10622,0,0,0,912,0,0,0,4958,0,0,0,304,0,0,0,4800,0,0,0,3302,0,0,0,41114,0,0,2,64812,0,0
6,26204991,,C,G,gnomAD Genomes,NA,PASS,c.*35C>G,,c.*35C>G,3_prime_UTR_variant,,1,147950,0.0000067590402162892865,0,0,0,2022,0,0,0,15100,0,0,0,10614,0,0,0,912,0,0,0,4960,0,0,0,304,0,0,0,4804,0,0,0,3302,0,0,1,41122,0,0,0,64810,0,0
6,26204991,,C,T,gnomAD Genomes,NA,PASS,c.*35C>T,,c.*35C>T,3_prime_UTR_variant,,1,147950,0.0000067590402162892865,0,0,0,2022,0,0,0,15100,0,0,0,10614,0,0,0,912,0,0,0,4960,0,0,0,304,0,0,0,4804,0,0,0,3302,0,0,0,41122,0,0,1,64810,0,0
6,26204992,,C,G,gnomAD Genomes,NA,PASS,c.*36C>G,,c.*36C>G,3_prime_UTR_variant,,3,147918,0.000020281507321624144,0,0,0,2024,0,0,0,15092,0,0,0,10618,0,0,0,912,0,0,0,4964,0,0,0,304,0,0,0,4790,0,0,0,3302,0,0,0,41108,0,0,3,64804,0,0
6,26204995,,A,G,gnomAD Genomes,NA,PASS,c.*39A>G,,c.*39A>G,3_prime_UTR_variant,,1,147900,0.00000676132521974307,0,0,0,2024,0,0,0,15098,0,0,0,10602,0,0,0,912,0,0,0,4952,0,0,0,304,0,0,0,4796,0,0,0,3302,0,0,0,41112,0,0,1,64798,0,0
6,26204997,rs913892696,C,T,gnomAD Genomes,NA,PASS,c.*41C>T,,c.*41C>T,3_prime_UTR_variant,,1,147970,0.00000675812664729337,0,0,0,2024,0,0,0,15098,0,0,0,10620,0,0,0,912,0,0,0,4958,0,0,0,304,0,0,0,4800,0,0,0,3300,0,0,1,41146,0,0,0,64808,0,0
6,26204998,,AAAGGCCCTTTT,A,gnomAD Genomes,NA,PASS,c.*43_*53del,,c.*43_*53del,3_prime_UTR_variant,,1,147964,0.000006758400692060231,0,0,0,2024,0,0,0,15096,0,0,0,10622,0,0,0,912,0,0,0,4960,0,0,0,304,0,0,0,4798,0,0,0,3302,0,0,1,41134,0,0,0,64812,0,0
6,26205002,,G,A,gnomAD Genomes,NA,PASS,c.*46G>A,,c.*46G>A,3_prime_UTR_variant,,1,147842,0.000006763977760041125,0,0,0,2020,0,0,0,15088,0,0,0,10576,0,0,0,912,0,0,0,4956,0,0,0,304,0,0,0,4790,0,0,0,3300,0,0,0,41106,0,0,1,64790,0,0
6,26205005,,C,T,gnomAD Genomes,NA,PASS,c.*49C>T,,c.*49C>T,3_prime_UTR_variant,,1,147944,0.000006759314335153842,0,0,0,2024,0,0,0,15094,0,0,0,10618,0,0,0,912,0,0,1,4964,0,0,0,304,0,0,0,4800,0,0,0,3302,0,0,0,41122,0,0,0,64804,0,0
6,26205005,,CTT,C,gnomAD Genomes,NA,PASS,c.*52_*53del,,c.*52_*53del,3_prime_UTR_variant,,1,147944,0.000006759314335153842,0,0,0,2024,0,0,0,15094,0,0,0,10618,0,0,0,912,0,0,0,4964,0,0,0,304,0,0,0,4800,0,0,0,3302,0,0,1,41122,0,0,0,64804,0,0
6,26205007,rs1292235056,T,C,gnomAD Genomes,NA,PASS,c.*51T>C,,c.*51T>C,3_prime_UTR_variant,,5,147892,0.00003380845481838098,0,0,0,2016,0,0,0,15096,0,0,0,10602,0,0,0,912,0,0,0,4960,0,0,0,304,0,0,0,4788,0,0,0,3302,0,0,0,41112,0,0,5,64800,0,0
6,26205011,,AGGGCCGCC,A,gnomAD Genomes,NA,PASS,c.*56_*63del,,c.*56_*63del,3_prime_UTR_variant,,1,147940,0.0000067594970934162495,0,0,0,2024,0,0,0,15096,0,0,0,10606,0,0,0,912,0,0,0,4960,0,0,0,304,0,0,0,4798,0,0,0,3302,0,0,1,41134,0,0,0,64804,0,0
6,26205012,,GGGCC,G,gnomAD Genomes,NA,PASS,c.*58_*61del,,c.*58_*61del,3_prime_UTR_variant,,1,147934,0.0000067597712493409226,0,0,0,2024,0,0,0,15080,0,0,0,10620,0,0,0,912,0,0,0,4966,0,0,0,304,0,0,0,4804,0,0,0,3302,0,0,1,41110,0,0,0,64812,0,0
6,26205016,rs1051946329,C,T,gnomAD Genomes,NA,PASS,c.*60C>T,,c.*60C>T,3_prime_UTR_variant,,4,147904,0.000027044569450454348,0,0,0,2020,0,0,0,15090,0,0,0,10604,0,0,0,910,0,0,0,4962,0,0,0,304,0,0,0,4802,0,0,0,3300,0,0,1,41110,0,0,3,64802,0,0
6,26205017,rs566123958,G,T,gnomAD Genomes,NA,PASS,c.*61G>T,,c.*61G>T,3_prime_UTR_variant,,4,147824,0.000027059205541725295,0,0,0,2018,0,0,1,15096,0,0,0,10580,0,0,0,910,0,0,0,4956,0,0,0,304,0,0,0,4792,0,0,0,3302,0,0,0,41080,0,0,3,64786,0,0
6,26205018,,C,T,gnomAD Genomes,NA,PASS,c.*62C>T,,c.*62C>T,3_prime_UTR_variant,,1,147944,0.000006759314335153842,0,0,0,2022,0,0,0,15096,0,0,0,10628,0,0,0,912,0,0,0,4956,0,0,0,304,0,0,0,4800,0,0,0,3302,0,0,1,41124,0,0,0,64800,0,0
6,26205019,rs889393579,CCA,C,gnomAD Genomes,NA,PASS,c.*66_*67del,,c.*66_*67del,3_prime_UTR_variant,,12,147930,0.00008111944838775097,0,0,0,2022,0,0,0,15092,0,0,0,10614,0,0,0,912,0,0,0,4960,0,0,0,304,0,0,1,4802,0,0,0,3300,0,0,11,41124,0,0,0,64800,0,0
6,26205022,rs986762286,C,G,gnomAD Genomes,NA,PASS,c.*66C>G,,c.*66C>G,3_prime_UTR_variant,,1,147894,0.000006761599523983393,0,0,0,2022,0,0,0,15096,0,0,0,10606,0,0,0,912,0,0,0,4958,0,0,0,304,0,0,0,4800,0,0,0,3300,0,0,1,41082,0,0,0,64814,0,0
6,26205022,,C,T,gnomAD Genomes,NA,PASS,c.*66C>T,,c.*66C>T,3_prime_UTR_variant,,1,147894,0.000006761599523983393,0,0,0,2022,0,0,0,15096,0,0,0,10606,0,0,0,912,0,0,0,4958,0,0,0,304,0,0,0,4800,0,0,0,3300,0,0,1,41082,0,0,0,64814,0,0
6,26205024,rs1272188997,G,T,gnomAD Genomes,NA,PASS,c.*68G>T,,c.*68G>T,3_prime_UTR_variant,,11,147686,0.00007448234768359899,1,0,0,2018,0,0,0,15074,0,0,11,10534,1,0,0,912,0,0,0,4938,0,0,0,304,0,0,0,4792,0,0,0,3302,0,0,0,41044,0,0,0,64768,0,0
6,26205025,rs1427861760,T,C,gnomAD Genomes,NA,PASS,c.*69T>C,,c.*69T>C,3_prime_UTR_variant,,1,147834,0.0000067643437910088345,0,0,0,2020,0,0,0,15078,0,0,0,10604,0,0,0,912,0,0,0,4954,0,0,0,304,0,0,0,4794,0,0,0,3298,0,0,1,41092,0,0,0,64778,0,0
6,26205027,rs535004175,T,G,gnomAD Genomes,NA,PASS,c.*71T>G,,c.*71T>G,3_prime_UTR_variant,,108,147900,0.0007302231237322516,1,0,0,2022,0,0,4,15092,0,0,1,10616,0,0,79,910,1,0,0,4950,0,0,0,304,0,0,0,4796,0,0,0,3302,0,0,5,41116,0,0,19,64792,0,0
